scenario,seed,k_known,n,r,sigma_x,d_max,R_task,p_lo,p_hi,F_keep_n,bb_acc,cbm_acc,cbm_mse,F_frac_best_abs_negative,F_mean_best_abs_signed,F_frac_margin_negative,E_frac_best_abs_negative,E_mean_best_abs_signed,E_frac_margin_negative,F_pair_raw_mean,F_pair_raw_max,E_pair_raw_mean,E_pair_raw_max,F_pair_soft_mean,F_pair_soft_max,F_mean_abs_Z,E_pair_soft_mean,E_pair_soft_max,E_mean_abs_Z,pair_soft_eps,S_frob_abs,S_frob_rel,Cov_frob_abs,Cov_frob_rel,Corr_frob_abs,Corr_frob_rel,n_frust_atoms_full,n_nonfrust_pool,n_atoms_matched,n_frust_atoms,C3_ridge_lam,C3_mse_frust_atoms,C3_r2_frust_atoms,C3_mse_nonfrust_atoms,C3_r2_nonfrust_atoms
0,1,2,8000,64,0.3,1.0,0.75,0.0,1.0,6000,0.8845,0.886,0.033779505640268326,0.5,-0.0084591805934906,0.5,0.0,0.5239123702049255,0.0,0.061779700219631195,0.061779700219631195,0.04938086122274399,0.04938086122274399,0.07865054967228165,0.07865054967228165,0.7854951024055481,0.510138551476163,0.510138551476163,0.09679792076349258,1e-06,6.558284282684326,0.9533836209449782,0.02779441458714772,0.06861989483644017,0.10258884655969715,0.05636506403063008,11,49,11,11,0.001,0.02066859214211577,0.750399783507397,0.0023795643645222295,0.9712636556733548
0,2,2,8000,64,0.3,1.0,0.75,0.0,1.0,6000,0.8875,0.884,0.02647593803703785,0.0,0.9640336036682129,0.0,0.0,0.47702983021736145,0.0,0.14027749001979828,0.14027749001979828,0.051516398787498474,0.051516398787498474,0.211372119768527,0.211372119768527,0.6636508107185364,4.5273719823645715,4.5273719823645715,0.01137787476181984,1e-06,6.712518692016602,0.9451005791043963,0.04238852101469235,0.10492550107802627,0.17477369460241957,0.09847043634029119,7,53,7,7,0.001,0.0066146837770151784,0.9204680587766427,0.009073369645115558,0.8909059411395248
0,3,2,8000,64,0.3,1.0,0.75,0.0,1.0,6000,0.873,0.5335,0.029932189732789993,0.0,0.9733150005340576,0.0,0.0,0.4234974980354309,0.0,0.0020668511278927326,0.0020668511278927326,0.04367292299866676,0.04367292299866676,0.0022532419790970374,0.0022532419790970374,0.9172778129577637,0.918528603652346,0.918528603652346,0.04754561185836792,1e-06,6.620344638824463,0.9334389367246299,0.03961594739575766,0.10729961333917686,0.12225561856729655,0.06770937957903488,3,57,3,3,0.001,0.051338629240021666,0.3939266436055542,0.07670967770085493,0.0944111184828802
0,4,2,8000,64,0.3,1.0,0.75,0.0,1.0,6000,0.873,0.8395,0.017478089779615402,0.0,0.9875345230102539,0.0,0.5,0.11687703430652618,0.5,0.35638174414634705,0.35638174414634705,0.05172394588589668,0.05172394588589668,1.4020101523605013,1.4020101523605013,0.25419241189956665,0.282508399373102,0.282508399373102,0.18308717012405396,1e-06,6.920475482940674,0.9214529244896058,0.04033827061485154,0.10862009642186075,0.07678095630761303,0.04181335639780362,23,37,23,23,0.001,0.0018562448352067297,0.9775018002505408,0.0022447392453709483,0.9727931407700421
0,5,2,8000,64,0.3,1.0,0.75,0.0,1.0,6000,0.8755,0.879,0.03159276768565178,0.0,0.9567258358001709,0.0,0.0,0.6435208320617676,0.0,0.017828980460762978,0.017828980460762978,0.04768390581011772,0.04768390581011772,0.0202179891279372,0.0202179891279372,0.881836473941803,0.27538951928626854,0.27538951928626854,0.17314976453781128,1e-06,6.809823989868164,0.9567255805875738,0.04314795950180819,0.09962434666124313,0.1833586613190478,0.10371711037172394,3,57,3,3,0.001,0.026484648845761932,0.6882315301448638,0.05100283896874873,0.39961155776852264
0,6,2,8000,64,0.3,1.0,0.75,0.0,1.0,6000,0.881,0.8825,0.030975867062807083,0.5,0.021932095289230347,0.5,0.0,0.5206736326217651,0.0,0.3941265046596527,0.3941265046596527,0.06824058294296265,0.06824058294296265,3.3674497666482206,3.3674497666482206,0.11703905463218689,12.933497619628993,12.933497619628993,0.005275266710668802,1e-06,6.019998073577881,0.9542913609495284,0.03738190226000378,0.09818551791754924,0.14580239738172832,0.0813421952162411,36,24,24,24,0.001,0.002851412573065583,0.9657801579653208,0.0015789066099236616,0.9810515197662152
0,7,2,8000,64,0.3,1.0,0.75,0.0,1.0,6000,0.873,0.8815,0.015433046035468578,0.5,0.002787172794342041,0.5,0.0,0.7012139558792114,0.0,0.0,0.0,0.01681019365787506,0.01681019365787506,0.0,0.0,0.9131868481636047,0.3338252808736956,0.3338252808736956,0.05035526305437088,1e-06,7.257994651794434,0.9272620043433158,0.032300508997200036,0.07156463117097393,0.04028044533767737,0.02161220962732612,0,60,0,0,0.001,0.08356848399624645,-0.0006987252596428739,0.08356848399624645,-0.0006987252596428739
0,8,2,8000,64,0.3,1.0,0.75,0.0,1.0,6000,0.883,0.883,0.01702866703271866,0.0,0.9710824489593506,0.0,0.0,0.5243611335754395,0.0,0.03487956151366234,0.03487956151366234,0.0811995267868042,0.0811995267868042,0.040709195725051786,0.040709195725051786,0.8567970991134644,1.383488971866307,1.383488971866307,0.05869084969162941,1e-06,6.367153167724609,0.8909666645691641,0.027337001837640453,0.06145627570918768,0.0760932270141545,0.04135060137211472,6,54,6,6,0.001,0.042276377916605656,0.5074216646965458,0.01602001392057669,0.8133446577636847
0,9,2,8000,64,0.3,1.0,0.75,0.0,1.0,6000,0.8785,0.878,0.02061566337943077,0.0,0.9527732133865356,0.0,0.0,0.5239659547805786,0.0,0.1548033505678177,0.1548033505678177,0.047299642115831375,0.047299642115831375,0.2400467329041461,0.2400467329041461,0.644887387752533,0.4116916818216903,0.4116916818216903,0.11488993465900421,1e-06,7.14592170715332,0.9362155650180471,0.03124719502715349,0.07913975561546618,0.08835575066499492,0.04829671149362519,10,50,10,10,0.001,0.0028457540484928654,0.9665322713020643,0.00341895929692668,0.959791042996345
0,10,2,8000,64,0.3,1.0,0.75,0.0,1.0,6000,0.882,0.882,0.024476759135723114,0.0,0.944847822189331,0.0,0.0,0.4766685366630554,0.0,0.0,0.0,0.039027079939842224,0.039027079939842224,0.0,0.0,0.7923753261566162,0.8177471890152775,0.8177471890152775,0.04772411659359932,1e-06,7.073276519775391,0.9542806269284978,0.03093491694897616,0.07161807740130567,0.1186686637493079,0.06560437188320717,0,60,0,0,0.001,0.08139589812944072,-1.1808743121344278e-05,0.08139589812944072,-1.1808743121344278e-05
0,11,2,8000,64,0.3,1.0,0.75,0.0,1.0,6000,0.8695,0.8715,0.020572414621710777,0.5,0.002570122480392456,0.5,0.0,0.4836854636669159,0.0,0.0018222518265247345,0.0018222518265247345,0.05195770785212517,0.05195770785212517,0.0019250146665866453,0.0019250146665866453,0.9466161131858826,0.8855748728760239,0.8855748728760239,0.05867016315460205,1e-06,7.087948322296143,0.9130554321419412,0.02229087615738721,0.05364883280868493,0.09761338503278272,0.0534818592601312,4,56,4,4,0.001,0.026833472640956098,0.6718838260538625,0.008168426465416635,0.9001175556047083
0,12,2,8000,64,0.3,1.0,0.75,0.0,1.0,6000,0.8675,0.8,0.04076441377401352,0.5,0.008473724126815796,0.5,0.0,0.5627431869506836,0.0,0.0022828790824860334,0.0022828790824860334,0.08699355274438858,0.08699355274438858,0.0023323543618616735,0.0023323543618616735,0.9787864089012146,0.6855422148045298,0.6855422148045298,0.1268964409828186,1e-06,6.647149085998535,0.9367815292497583,0.06960716497735078,0.19934842975489114,0.15935023541130286,0.0892311243083048,2,58,2,2,0.001,0.06212645149044658,0.22969007326663848,0.07823902422785554,0.029909232303139244
0,13,2,8000,64,0.3,1.0,0.75,0.0,1.0,6000,0.8785,0.1205,0.03636525571346283,0.0,0.9851385354995728,0.0,0.0,0.43764716386795044,0.0,0.324910432100296,0.324910432100296,0.045469921082258224,0.045469921082258224,1.108045111538916,1.108045111538916,0.29322752356529236,0.42352376171729744,0.42352376171729744,0.10735996812582016,1e-06,6.512390613555908,0.9182756272524489,0.03292388069548276,0.0763761248876344,0.08168809406332143,0.04448803828727719,26,34,26,26,0.001,0.002835413346206191,0.9661367510727283,0.0016951939485900774,0.9797543540740123
0,14,2,8000,64,0.3,1.0,0.75,0.0,1.0,6000,0.8785,0.8785,0.022501522675156593,0.5,0.0067546069622039795,0.5,0.0,0.6646929979324341,0.0,0.022837109863758087,0.022837109863758087,0.03697172924876213,0.03697172924876213,0.025367304877398186,0.025367304877398186,0.9002566337585449,0.22601798387047004,0.22601798387047004,0.16357770562171936,1e-06,7.183730125427246,0.9324718947010695,0.029529182625129484,0.06860110554649872,0.11706879406740453,0.06466377077441389,7,53,7,7,0.001,0.01086204593112297,0.8656994542238041,0.0049749595870146575,0.9384885875103723
0,15,2,8000,64,0.3,1.0,0.75,0.0,1.0,6000,0.8675,0.6485,0.055538080632686615,0.5,-0.03259551525115967,0.5,0.0,0.5063120126724243,0.0,0.0,0.0,0.03202294930815697,0.03202294930815697,0.0,0.0,0.9368272423744202,0.2612930130550953,0.2612930130550953,0.1225547045469284,1e-06,7.432125091552734,0.9155543180787752,0.05766753922777412,0.15877007035714633,0.15561611263938988,0.08715680722288939,0,60,0,0,0.001,0.0815422684304623,-0.00032982098428147033,0.0815422684304623,-0.00032982098428147033
0,16,2,8000,64,0.3,1.0,0.75,0.0,1.0,6000,0.879,0.8765,0.02983793616294861,0.0,0.9807624816894531,0.0,0.0,0.6569990515708923,0.0,0.11442616581916809,0.11442616581916809,0.031022535637021065,0.031022535637021065,0.15509410736501017,0.15509410736501017,0.7377843856811523,0.14520147337917821,0.14520147337917821,0.2136506587266922,1e-06,6.85073184967041,0.9129997404687171,0.035261649756649686,0.07923547110724796,0.13916029329511936,0.07720704056237701,14,46,14,14,0.001,0.001990282223398268,0.9763580753404186,0.004970676336659233,0.9409549288654097
0,17,2,8000,64,0.3,1.0,0.75,0.0,1.0,6000,0.8755,0.8755,0.0291835255920887,1.0,-0.9626964330673218,1.0,0.0,0.6084302067756653,0.0,0.16825740039348602,0.16825740039348602,0.09798215329647064,0.09798215329647064,0.2870916364174239,0.2870916364174239,0.5860745906829834,9.804024741941884,9.804024741941884,0.009993074461817741,1e-06,7.002529621124268,0.9549307424374277,0.04087471784901686,0.09516708281901745,0.17826054924958198,0.10051454465102912,15,45,15,15,0.001,0.0019551071334561,0.9759589557735205,0.0017825977572518649,0.9780802234380076
0,18,2,8000,64,0.3,1.0,0.75,0.0,1.0,6000,0.8695,0.8815,0.030083322897553444,0.0,0.9802196621894836,0.0,0.5,0.1096729040145874,0.5,0.1712028682231903,0.1712028682231903,0.03928034380078316,0.03928034380078316,0.2916497755669253,0.2916497755669253,0.5870142579078674,10.239759686603845,10.239759686603845,0.0038350610993802547,1e-06,6.933550834655762,0.9429892883202681,0.03589201445288253,0.08043970577586959,0.11250979416215175,0.06193300794678202,14,46,14,14,0.001,0.0019959460133912566,0.9756902045148111,0.0035929199737955546,0.9562397233333894
0,19,2,8000,64,0.3,1.0,0.75,0.0,1.0,6000,0.865,0.865,0.025805503129959106,0.5,-0.06097066402435303,0.5,0.0,0.5042250156402588,0.0,0.3599468171596527,0.3599468171596527,0.02007164992392063,0.02007164992392063,2.754210218782268,2.754210218782268,0.13068866729736328,0.17845134053206138,0.17845134053206138,0.11247587949037552,1e-06,6.19170618057251,0.9219087341556257,0.026774463435752495,0.06373071880596196,0.13821577837616655,0.07697138752147277,12,48,12,12,0.001,0.0019270895564745087,0.9763106245884551,0.00259175340074064,0.9681400280137394
0,20,2,8000,64,0.3,1.0,0.75,0.0,1.0,6000,0.88,0.8825,0.021917952224612236,0.5,0.0055249035358428955,0.5,0.5,-0.016630396246910095,0.5,0.08455818891525269,0.08455818891525269,0.04949904978275299,0.04949904978275299,0.10609885877431492,0.10609885877431492,0.7969744801521301,3.380482984005755,3.380482984005755,0.01464159693568945,1e-06,6.578144073486328,0.9381330826814258,0.028598709315236878,0.06756936550044938,0.11099828839964876,0.06122600908533997,13,47,13,13,0.001,0.0019574014899428937,0.9762887531324193,0.004486691984232715,0.9456498517020945
0,21,2,8000,64,0.3,1.0,0.75,0.0,1.0,6000,0.8865,0.892,0.02108038030564785,0.5,0.003674030303955078,0.5,0.0,0.4820789694786072,0.0,0.11644116789102554,0.11644116789102554,0.055591147392988205,0.055591147392988205,0.1568490482188921,0.1568490482188921,0.7423762679100037,1.2895055833837528,1.2895055833837528,0.043109435588121414,1e-06,6.728046417236328,0.8896675569812866,0.026804543058311207,0.06288018469856796,0.10669217427593562,0.058648633909833735,10,50,10,10,0.001,0.007067809775793633,0.9165951334249054,0.010544198463560146,0.8755714296377195
0,22,2,8000,64,0.3,1.0,0.75,0.0,1.0,6000,0.863,0.8625,0.03416641801595688,0.0,0.9884567260742188,0.0,0.0,0.36412113904953003,0.0,0.06838719546794891,0.06838719546794891,0.05576514080166817,0.05576514080166817,0.08174383697120394,0.08174383697120394,0.8366026878356934,1.1877965690739576,1.1877965690739576,0.04694739356637001,1e-06,6.866095066070557,0.9129693590148649,0.0748426982275552,0.2164995868717794,0.16368196099835167,0.09184609577722577,8,52,8,8,0.001,0.011184158808359686,0.8662703732229887,0.0029722676096516393,0.964460426132092
0,23,2,8000,64,0.3,1.0,0.75,0.0,1.0,6000,0.892,0.8965,0.022497229278087616,0.0,0.9385383129119873,0.0,0.0,0.4176085591316223,0.0,0.25344952940940857,0.25344952940940857,0.056297417730093,0.056297417730093,0.6843163644000955,0.6843163644000955,0.37036794424057007,2.079407957348729,2.079407957348729,0.02707277238368988,1e-06,6.832283973693848,0.9392435583720418,0.027445222084466297,0.06271988505976415,0.0937223660693936,0.05128653900961434,19,41,19,19,0.001,0.0026224611459042062,0.9679150534368578,0.0031740873757166318,0.9611660885822205
0,24,2,8000,64,0.3,1.0,0.75,0.0,1.0,6000,0.8675,0.8725,0.01901046372950077,0.0,0.9852179288864136,0.0,0.0,0.5149296522140503,0.0,0.45221179723739624,0.45221179723739624,0.07625371217727661,0.07625371217727661,5.728349222386252,5.728349222386252,0.07894177734851837,0.781055740937781,0.781055740937781,0.09762802720069885,1e-06,6.641230583190918,0.9101287351660688,0.017963832667859145,0.043500912042859066,0.08438887440272656,0.04593653796126371,22,38,22,22,0.001,0.001341178471212803,0.9841410057359802,0.00294557011263861,0.9651696023137313
0,25,2,8000,64,0.3,1.0,0.75,0.0,1.0,6000,0.8755,0.844,0.03771737962961197,0.0,0.9300655126571655,0.0,0.5,0.21123087406158447,0.5,0.1360313445329666,0.1360313445329666,0.030496058985590935,0.030496058985590935,0.24937106789963212,0.24937106789963212,0.5454967021942139,0.5098264580877538,0.5098264580877538,0.05981554836034775,1e-06,6.328692436218262,0.9478697118808833,0.05501029628476548,0.14726523866130098,0.1452413999876968,0.08091438098405629,12,48,12,12,0.001,0.0025405487462688077,0.9699575017678831,0.010583608307427899,0.8748467100533726
0,26,2,8000,64,0.3,1.0,0.75,0.0,1.0,6000,0.876,0.876,0.024620965123176575,1.0,-0.9586718082427979,1.0,0.0,0.47306007146835327,0.0,0.09778545796871185,0.09778545796871185,0.03179621696472168,0.03179621696472168,0.14029633168734135,0.14029633168734135,0.6969912648200989,0.8613724186560242,0.8613724186560242,0.03691243752837181,1e-06,6.891909122467041,0.934570173390304,0.03364178281970951,0.08272035599228825,0.11341396208210117,0.06253666627273541,10,50,10,10,0.001,0.004618795738298658,0.9467119492127597,0.003676684571092682,0.9575812906103489
0,27,2,8000,64,0.3,1.0,0.75,0.0,1.0,6000,0.867,0.873,0.020044872537255287,0.0,0.9683676362037659,0.0,0.0,0.5124251246452332,0.0,0.16096465289592743,0.16096465289592743,0.04181745648384094,0.04181745648384094,0.24623421655945246,0.24623421655945246,0.6537044644355774,0.6083743405109229,0.6083743405109229,0.06873539090156555,1e-06,6.935810089111328,0.9254000983583838,0.024293798405329175,0.05787724085148313,0.13197899119782994,0.07324850742748563,14,46,14,14,0.001,0.0038713670567303068,0.9547462361497739,0.0018262648484888783,0.978652151302004
0,28,2,8000,64,0.3,1.0,0.75,0.0,1.0,6000,0.882,0.758,0.05378122255206108,0.0,0.9791962504386902,0.0,0.5,-0.06415127217769623,0.5,0.01824546419084072,0.01824546419084072,0.03950952738523483,0.03950952738523483,0.01951765680171527,0.01951765680171527,0.934817373752594,0.21668904787040133,0.21668904787040133,0.18233183026313782,1e-06,6.913755416870117,0.9527307005973691,0.07048000422812352,0.19290972124591502,0.1860138571218158,0.10498215569511558,5,55,5,5,0.001,0.06929793324095371,0.2004572085048344,0.00949592184465171,0.8904383506923148
0,29,2,8000,64,0.3,1.0,0.75,0.0,1.0,6000,0.871,0.882,0.021404149010777473,0.0,0.971923828125,0.0,0.5,0.1185724288225174,0.5,0.05731367692351341,0.05731367692351341,0.05033149570226669,0.05033149570226669,0.06951221667242533,0.06951221667242533,0.8245112895965576,0.24230226633863228,0.24230226633863228,0.20772093534469604,1e-06,6.464691638946533,0.8806919205753169,0.02213841823394493,0.05510991756403454,0.06816964754065828,0.037037923786235265,12,48,12,12,0.001,0.009418752497688823,0.8878688557509302,0.008142257857196283,0.9030656458461531
0,30,2,8000,64,0.3,1.0,0.75,0.0,1.0,6000,0.8635,0.854,0.037483517080545425,0.0,0.9906604290008545,0.0,0.5,0.13440971076488495,0.5,0.020986491814255714,0.020986491814255714,0.020414339378476143,0.020414339378476143,0.02248243594224842,0.02248243594224842,0.9334606528282166,0.1352556234724843,0.1352556234724843,0.15093053877353668,1e-06,7.461629390716553,0.9361090985901528,0.03502050104426337,0.08616945466203074,0.11694629095694167,0.0644592612639378,3,57,3,3,0.001,0.04897976153204938,0.4305644982098784,0.006927540720806393,0.9194608649953786
0,31,2,8000,64,0.3,1.0,0.75,0.0,1.0,6000,0.884,0.8845,0.028614241629838943,0.5,0.010774165391921997,0.5,0.0,0.6507745981216431,0.0,0.004498154856264591,0.004498154856264591,0.09906259924173355,0.09906259924173355,0.004962017590855771,0.004962017590855771,0.9065163135528564,2.283998422824803,2.283998422824803,0.043371446430683136,1e-06,6.943970203399658,0.927215496139747,0.04119776868369932,0.10555651468945546,0.13002200487043622,0.07207808207208945,3,57,3,3,0.001,0.016802667033830224,0.8020913167191177,0.02145179919503983,0.7473319369985487
0,32,2,8000,64,0.3,1.0,0.75,0.0,1.0,6000,0.876,0.8815,0.019397636875510216,0.5,-0.017665624618530273,0.5,0.0,0.5660208463668823,0.0,0.1805497109889984,0.1805497109889984,0.0380108542740345,0.0380108542740345,0.33001644062218216,0.33001644062218216,0.547092080116272,0.49859447872153906,0.49859447872153906,0.07623501121997833,1e-06,6.207132816314697,0.9117717822928227,0.027076067913131198,0.06515792269310247,0.0954261163951396,0.052349450555155795,13,47,13,13,0.001,0.0027621597926238543,0.9670872576451994,0.0038256363926324087,0.9544153146859576
0,33,2,8000,64,0.3,1.0,0.75,0.0,1.0,6000,0.879,0.6855,0.030652137473225594,0.5,-0.007338732481002808,0.5,0.0,0.512504518032074,0.0,0.06697393953800201,0.06697393953800201,0.044748712331056595,0.044748712331056595,0.07898035322362844,0.07898035322362844,0.8479812741279602,0.4347094414983984,0.4347094414983984,0.10293836146593094,1e-06,7.271807670593262,0.9114244467758371,0.03648147114716186,0.09392961180717735,0.11866277272311544,0.06556163841611158,7,53,7,7,0.001,0.004125898998125815,0.947460348081889,0.002894466078211539,0.9631415504094759
0,34,2,8000,64,0.3,1.0,0.75,0.0,1.0,6000,0.879,0.2345,0.041021477431058884,0.5,0.031556397676467896,0.5,0.5,-0.03975221514701843,0.5,0.07139664143323898,0.07139664143323898,0.033031824976205826,0.033031824976205826,0.10383492559602558,0.10383492559602558,0.6875965595245361,5.929682806335197,5.929682806335197,0.0055695888586342335,1e-06,6.441282749176025,0.9274818940408874,0.02064707105505464,0.049732361216325585,0.11168885952678734,0.06157121904921506,11,49,11,11,0.001,0.004592527446235546,0.945068047469043,0.004155763733378756,0.9502922478299053
0,35,2,8000,64,0.3,1.0,0.75,0.0,1.0,6000,0.8725,0.125,0.036780014634132385,0.0,0.9566014409065247,0.0,0.0,0.5263233184814453,0.0,0.33742937445640564,0.33742937445640564,0.038197558373212814,0.038197558373212814,1.9122379411576897,1.9122379411576897,0.17645683884620667,0.24852810954729726,0.24852810954729726,0.15369412302970886,1e-06,6.3218793869018555,0.8900625006796093,0.023346289524789867,0.05362272516848651,0.11026867024420221,0.060619434663047644,14,46,14,14,0.001,0.0013895774292922733,0.9825631799516399,0.0026364356212034384,0.9669172422299458
0,36,2,8000,64,0.3,1.0,0.75,0.0,1.0,6000,0.88,0.8785,0.02192603051662445,0.0,0.971555233001709,0.0,0.0,0.3807322084903717,0.0,0.13795681297779083,0.13795681297779083,0.06424836069345474,0.06424836069345474,0.2180212751384364,0.2180212751384364,0.6327666640281677,0.7561971140316112,0.7561971140316112,0.08496145159006119,1e-06,6.780557632446289,0.9312906387602033,0.02698683345168663,0.06633702623046028,0.12591995859838626,0.069725461497986,15,45,15,15,0.001,0.0017521000539603162,0.9784268998060914,0.002536766312298826,0.9687655315687844
0,37,2,8000,64,0.3,1.0,0.75,0.0,1.0,6000,0.882,0.8845,0.030114812776446342,0.5,0.011168688535690308,0.5,0.0,0.45092886686325073,0.0,0.03089282102882862,0.03089282102882862,0.036348532885313034,0.036348532885313034,0.042772936537069456,0.042772936537069456,0.7222505807876587,0.6960574148233066,0.6960574148233066,0.05221959576010704,1e-06,7.445005893707275,0.9364233713403883,0.03610867711852744,0.08928831682314683,0.18452533583608846,0.1040024019171096,5,55,5,5,0.001,0.015024672783577296,0.815987484927554,0.02775161942997398,0.6601160396501491
0,38,2,8000,64,0.3,1.0,0.75,0.0,1.0,6000,0.8745,0.883,0.02611083723604679,0.5,-0.028310716152191162,0.5,0.0,0.48433101177215576,0.0,0.05553622916340828,0.05553622916340828,0.03022455982863903,0.03022455982863903,0.0708887468410157,0.0708887468410157,0.7834270000457764,1.0980551011212556,1.0980551011212556,0.027524540200829506,1e-06,6.8540873527526855,0.9228006253495998,0.038676774239144875,0.08580154501130592,0.10469205610887462,0.057532877958199155,5,55,5,5,0.001,0.020926723794321093,0.7470986364666683,0.010683249940733611,0.8708919511943811
0,39,2,8000,64,0.3,1.0,0.75,0.0,1.0,6000,0.866,0.8715,0.024937288835644722,0.5,0.03015071153640747,0.5,0.0,0.7370085716247559,0.0,0.1766490936279297,0.1766490936279297,0.028763163834810257,0.028763163834810257,0.36639678436381806,0.36639678436381806,0.48212411999702454,0.1993182004641956,0.1993182004641956,0.14430676400661469,1e-06,6.512533187866211,0.9515300954108428,0.02718937807727789,0.06359791362099569,0.09093509293620781,0.0498622212922098,11,49,11,11,0.001,0.001862671343842496,0.9775710856338063,0.002213533121803012,0.9733462669086667
0,40,2,8000,64,0.3,1.0,0.75,0.0,1.0,6000,0.873,0.871,0.026337945833802223,0.5,0.047169774770736694,0.5,0.0,0.6119928359985352,0.0,0.0002190262166550383,0.0002190262166550383,0.03993595018982887,0.03993595018982887,0.0002452553555602342,0.0002452553555602342,0.8930527567863464,7.882381104565568,7.882381104565568,0.005065483041107655,1e-06,6.97662878036499,0.9458279893256476,0.028068786578208976,0.06750297374285685,0.12047884207902805,0.06661869886905739,1,59,1,1,0.001,0.04764052023858383,0.4180937291019853,0.06919637485831008,0.15479922864382845
0,41,2,8000,64,0.3,1.0,0.75,0.0,1.0,6000,0.8745,0.88,0.025813356041908264,0.5,0.0048777759075164795,0.5,0.0,0.5172542333602905,0.0,0.012166148982942104,0.012166148982942104,0.05145682021975517,0.05145682021975517,0.012727137332242398,0.012727137332242398,0.9559208750724792,0.3902248654967891,0.3902248654967891,0.131863534450531,1e-06,6.98597526550293,0.9263809670505101,0.025515274133656028,0.06375870022272395,0.10420127209776056,0.0572299646375096,5,55,5,5,0.001,0.02805815552032889,0.6665112139086651,0.005153052673058511,0.9387527352124803
0,42,2,8000,64,0.3,1.0,0.75,0.0,1.0,6000,0.887,0.889,0.02822665497660637,1.0,-0.9807352423667908,1.0,0.0,0.44053077697753906,0.0,0.015868982300162315,0.015868982300162315,0.042272232472896576,0.042272232472896576,0.017396522047858867,0.017396522047858867,0.9121918082237244,0.3993114984673229,0.3993114984673229,0.10586179792881012,1e-06,7.3953142166137695,0.9459698426059842,0.03366996559130659,0.07711125274040741,0.11767154226787023,0.06493413775288141,5,55,5,5,0.001,0.011631321673625078,0.8643948524923722,0.004858768448987014,0.9433534699909177
0,43,2,8000,64,0.3,1.0,0.75,0.0,1.0,6000,0.8805,0.7615,0.029812408611178398,1.0,-0.9135295748710632,1.0,0.0,0.44422364234924316,0.0,0.0745164155960083,0.0745164155960083,0.08908867835998535,0.08908867835998535,0.10913499388525404,0.10913499388525404,0.682790219783783,4.75188510275123,4.75188510275123,0.01874707080423832,1e-06,6.538483619689941,0.9260547754459063,0.023131790610234824,0.05566458771753025,0.13230035015691613,0.0734384653948613,13,47,13,13,0.001,0.004168560153609614,0.9507209055249036,0.002685329422641689,0.9682550815056539
0,44,2,8000,64,0.3,1.0,0.75,0.0,1.0,6000,0.8695,0.874,0.016816072165966034,0.5,-0.02142477035522461,0.5,0.0,0.592835009098053,0.0,0.016728898510336876,0.016728898510336876,0.03702496364712715,0.03702496364712715,0.019984155059300027,0.019984155059300027,0.8371071219444275,0.4336312953386507,0.4336312953386507,0.08538251370191574,1e-06,6.7879719734191895,0.9153369478082654,0.026843410170035588,0.06610693143583632,0.06621762278933425,0.03596146966253697,3,57,3,3,0.001,0.02591523494019772,0.6832520618871372,0.021282379318955325,0.7398769572040969
0,45,2,8000,64,0.3,1.0,0.75,0.0,1.0,6000,0.879,0.883,0.030270971357822418,0.5,0.0035652518272399902,0.5,0.0,0.36119335889816284,0.0,0.07061751931905746,0.07061751931905746,0.03184574469923973,0.03184574469923973,0.08332842596278442,0.08332842596278442,0.8474591374397278,0.13558000368588782,0.13558000368588782,0.23488426208496094,1e-06,6.78239631652832,0.932467706662383,0.030827261692041957,0.07117944071920751,0.13098248605247742,0.07275645491064214,11,49,11,11,0.001,0.0139559908218773,0.827236964187416,0.004055767571406599,0.9497931227435286
0,46,2,8000,64,0.3,1.0,0.75,0.0,1.0,6000,0.882,0.8805,0.029810376465320587,0.5,-0.017055809497833252,0.5,0.0,0.6687114238739014,0.0,0.41970300674438477,0.41970300674438477,0.05224151536822319,0.05224151536822319,5.8280837804177725,5.8280837804177725,0.07201289385557175,0.58356147399087,0.58356147399087,0.08952087163925171,1e-06,6.73112154006958,0.9479781320507644,0.02723885926881279,0.0654761402025511,0.15207438538074472,0.08478822468264673,35,25,25,25,0.001,0.00331614420355992,0.9589991331932208,0.0018190486106901972,0.9775092501339657
0,47,2,8000,64,0.3,1.0,0.75,0.0,1.0,6000,0.883,0.884,0.02510916441679001,0.5,0.009020239114761353,0.5,0.0,0.4325389862060547,0.0,0.18146464228630066,0.18146464228630066,0.034358374774456024,0.034358374774456024,0.3050943840232817,0.3050943840232817,0.5947809815406799,1.3544348883606194,1.3544348883606194,0.025366313755512238,1e-06,7.39589262008667,0.9415768443031023,0.04012166537906674,0.09786298472583509,0.12815090200758852,0.07097775474862267,9,51,9,9,0.001,0.005843269558772196,0.9300497925095974,0.00469846579414955,0.9437543221510426
0,48,2,8000,64,0.3,1.0,0.75,0.0,1.0,6000,0.862,0.882,0.022073842585086823,0.5,-0.014308422803878784,0.5,0.0,0.6220801472663879,0.0,0.03722655028104782,0.03722655028104782,0.07766684889793396,0.07766684889793396,0.04362520756507626,0.04362520756507626,0.853325605392456,0.6319368495501932,0.6319368495501932,0.12290186434984207,1e-06,6.706453800201416,0.9235456364857898,0.022068496305095296,0.05096366506434669,0.06874987819979429,0.03730025083099432,7,53,7,7,0.001,0.007573195407168317,0.9109201098524419,0.010111262184878228,0.8810660393326766
0,49,2,8000,64,0.3,1.0,0.75,0.0,1.0,6000,0.866,0.866,0.026050923392176628,0.0,0.9816161394119263,0.0,0.0,0.6396276950836182,0.0,0.16095271706581116,0.16095271706581116,0.050272516906261444,0.050272516906261444,0.2937460991538487,0.2937460991538487,0.5479304194450378,1.7268835929433448,1.7268835929433448,0.029110699892044067,1e-06,7.150958061218262,0.9264652653194902,0.04117914682437248,0.1006426138179188,0.10684993632255702,0.058813210504222405,13,47,13,13,0.001,0.0014554136860396986,0.9824591178557491,0.0029925304976857374,0.963933536370806
0,50,2,8000,64,0.3,1.0,0.75,0.0,1.0,6000,0.865,0.787,0.03538738563656807,0.5,-0.005292117595672607,0.5,0.0,0.6374943256378174,0.0,0.22725123167037964,0.22725123167037964,0.058485984802246094,0.058485984802246094,0.4360127773122071,0.4360127773122071,0.5212021470069885,0.3191561928866935,0.3191561928866935,0.18325091898441315,1e-06,6.690371513366699,0.9428496050583867,0.03612588372469486,0.08807286177247511,0.19506264156681527,0.1106869310394012,18,42,18,18,0.001,0.001909541664251544,0.97620166194639,0.003789442197443872,0.9527727369673648
1,1,2,8000,64,0.3,1.0,0.75,0.0,1.0,6000,0.8995,0.8555,0.04484929144382477,0.5,-0.0025777220726013184,0.5,0.0,0.6927999258041382,0.0,0.42611852288246155,0.42611852288246155,0.042048390954732895,0.042048390954732895,6.678904942406947,6.678904942406947,0.0637996569275856,0.4098081556142795,0.4098081556142795,0.10260406136512756,1e-06,6.5826239585876465,0.9372757255200855,0.12116129312423525,0.2742113326673044,0.19184579940703367,0.13562761620248096,27,33,27,27,0.001,0.00026147665208726235,0.9968353810623859,0.0002470105674970216,0.9970104622594333
1,2,2,8000,64,0.3,1.0,0.75,0.0,1.0,6000,0.888,0.888,0.02695886790752411,0.5,0.04705619812011719,0.5,0.0,0.4933870732784271,0.0,0.01080654002726078,0.01080654002726078,0.06999040395021439,0.06999040395021439,0.012744126930994129,0.012744126930994129,0.8479613661766052,2.442897398664613,2.442897398664613,0.028649570420384407,1e-06,5.88779878616333,0.9387730012559209,0.08019616605828579,0.17361550060550412,0.04402321813757045,0.030927075347761904,4,56,4,4,0.001,0.0013040195339704744,0.9841642684340784,0.0006670076166460061,0.991900003570138
1,3,2,8000,64,0.3,1.0,0.75,0.0,1.0,6000,0.895,0.6325,0.029882214963436127,0.0,0.9648559093475342,0.0,0.0,0.4737624526023865,0.0,0.28080442547798157,0.28080442547798157,0.045466531068086624,0.045466531068086624,0.8895096627543853,0.8895096627543853,0.315683513879776,1.5400335593721124,1.5400335593721124,0.02952207811176777,1e-06,5.40765905380249,0.8927771514454937,0.032951201100390556,0.06378368017927634,0.08622782291395045,0.05986648944003382,22,38,22,22,0.001,0.0003401304184168101,0.9959578330748989,0.0003359339714802973,0.9960077043539473
1,4,2,8000,64,0.3,1.0,0.75,0.0,1.0,6000,0.8785,0.8525,0.017628138884902,0.5,0.0021542906761169434,0.5,0.0,0.5169002413749695,0.0,0.14742887020111084,0.14742887020111084,0.02466571144759655,0.02466571144759655,0.23064638358298334,0.23064638358298334,0.6391977071762085,0.09326943721578215,0.09326943721578215,0.26445552706718445,1e-06,6.343997001647949,0.8902743060375522,0.04065846956288085,0.08194319975579532,0.05148278491467485,0.03580215016886619,19,41,19,19,0.001,0.00022972372118694375,0.9972521013622017,0.00031581839352318647,0.9962222580721309
1,5,2,8000,64,0.3,1.0,0.75,0.0,1.0,6000,0.898,0.898,0.03493209928274155,0.0,0.9715554714202881,0.0,0.0,0.6913681030273438,0.0,0.2409687638282776,0.2409687638282776,0.025757018476724625,0.025757018476724625,0.5901819240111102,0.5901819240111102,0.4082947373390198,0.15664739161477756,0.15664739161477756,0.16442573070526123,1e-06,6.752054691314697,0.9617427026341324,0.12979225068649897,0.294983530427365,0.2984877813484748,0.21022860147538092,17,43,17,17,0.001,0.00039343818122302776,0.9951912672627671,0.0003800472116465559,0.9953549361613612
1,6,2,8000,64,0.3,1.0,0.75,0.0,1.0,6000,0.889,0.881,0.030025377869606018,0.5,-0.004885822534561157,0.5,0.0,0.6099182367324829,0.0,0.2493714988231659,0.2493714988231659,0.06993607431650162,0.06993607431650162,1.0387759495957811,1.0387759495957811,0.24006183445453644,45.75990682312124,45.75990682312124,0.001527326414361596,1e-06,5.0349507331848145,0.8949180809851253,0.05166500820723967,0.09921548590783034,0.0924197991274428,0.06407083607262391,14,46,14,14,0.001,0.00044858192691020834,0.9947075364152351,0.0003901884505382519,0.9953964748872219
1,7,2,8000,64,0.3,1.0,0.75,0.0,1.0,6000,0.8925,0.8925,0.015264882706105709,0.0,0.9613298177719116,0.0,0.0,0.6695817708969116,0.0,0.21507740020751953,0.21507740020751953,0.023756984621286392,0.023756984621286392,0.4068329179545591,0.4068329179545591,0.5286617279052734,0.38988295351289154,0.38988295351289154,0.06093263253569603,1e-06,6.549872875213623,0.930227513677066,0.0845945057056657,0.18662027147380403,0.15053612252532567,0.10638237802477918,15,45,15,15,0.001,0.0013697785498581311,0.9833941048719876,0.0006479408805971592,0.9921449797024031
1,8,2,8000,64,0.3,1.0,0.75,0.0,1.0,6000,0.893,0.893,0.016476931050419807,0.0,0.9502214193344116,0.0,0.0,0.594160795211792,0.0,0.11592267453670502,0.11592267453670502,0.07916782051324844,0.07916782051324844,0.15625078611542784,0.15625078611542784,0.7419003844261169,3.2591139634157984,3.2591139634157984,0.024290209636092186,1e-06,5.560863494873047,0.8669298584503409,0.04167648878442663,0.08205407825986322,0.10477349433519571,0.07402476452578365,10,50,10,10,0.001,0.000412500081540483,0.9950693271361002,0.0004403378732295617,0.9947365780041251
1,9,2,8000,64,0.3,1.0,0.75,0.0,1.0,6000,0.896,0.896,0.020855428650975227,0.5,0.009630262851715088,0.5,0.0,0.6760445833206177,0.0,0.016095183789730072,0.016095183789730072,0.0455145426094532,0.0455145426094532,0.01908398790641509,0.01908398790641509,0.8433858156204224,0.526622408784803,0.526622408784803,0.0864262804389,1e-06,6.643582820892334,0.9372273223438814,0.07689378613706868,0.15265446102522914,0.06569502586892423,0.045563558072182424,8,52,8,8,0.001,0.00039005473240880415,0.9953227643650425,0.00040142431281102166,0.995186429122336
1,10,2,8000,64,0.3,1.0,0.75,0.0,1.0,6000,0.888,0.888,0.023364484310150146,0.0,0.9585092663764954,0.0,0.0,0.5599032640457153,0.0,0.18308255076408386,0.18308255076408386,0.0332828164100647,0.0332828164100647,0.3169337987307007,0.3169337987307007,0.5776671171188354,0.3298542786770137,0.3298542786770137,0.1009005755186081,1e-06,6.458858489990234,0.9364110284226308,0.04502186502952244,0.09067554620408073,0.1158184681944268,0.08179527232710475,17,43,17,17,0.001,0.0003881584208858389,0.995266042706229,0.0005324626142862303,0.9935061172425214
1,11,2,8000,64,0.3,1.0,0.75,0.0,1.0,6000,0.889,0.889,0.01992843672633171,0.0,0.9461312294006348,0.0,0.0,0.5664286017417908,0.0,0.06419076025485992,0.06419076025485992,0.05260699614882469,0.05260699614882469,0.08967047124459762,0.08967047124459762,0.7158507108688354,2.425611787522483,2.425611787522483,0.021687135100364685,1e-06,6.194169998168945,0.905197599596149,0.018566013147513563,0.035579634725964454,0.028979222725836095,0.020251633958210655,3,57,3,3,0.001,0.0018942332180704971,0.9764453302708033,0.0005202383391894201,0.9935308693020626
1,12,2,8000,64,0.3,1.0,0.75,0.0,1.0,6000,0.8915,0.8535,0.04494529962539673,0.5,-0.004806250333786011,0.5,0.0,0.5554636716842651,0.0,0.2036147564649582,0.2036147564649582,0.07691241800785065,0.07691241800785065,0.3630219120827015,0.3630219120827015,0.560887336730957,0.816644260763107,0.816644260763107,0.09418005496263504,1e-06,6.571707725524902,0.9068649110572496,0.07620829354213253,0.1648885560570764,0.09017271569421817,0.06243329962045422,23,37,23,23,0.001,0.0002582892255008383,0.9968203587072298,0.0002608675164557699,0.9967886189381041
1,13,2,8000,64,0.3,1.0,0.75,0.0,1.0,6000,0.8815,0.439,0.03248966485261917,0.0,0.9779136180877686,0.0,0.5,0.12206584215164185,0.5,0.3327103555202484,0.3327103555202484,0.03685474768280983,0.03685474768280983,1.0586809878431207,1.0586809878431207,0.31426775455474854,0.45516886645214927,0.45516886645214927,0.08096839487552643,1e-06,6.339226722717285,0.9001308861794061,0.03363545377907107,0.062303793169808275,0.009272436258267817,0.006488340330603311,26,34,26,26,0.001,0.0002782295322152665,0.9966960051575601,0.0002900447043590788,0.996555699175248
1,14,2,8000,64,0.3,1.0,0.75,0.0,1.0,6000,0.8855,0.8855,0.02427857182919979,0.0,0.9462690353393555,0.0,0.0,0.6771087646484375,0.0,0.3031187057495117,0.3031187057495117,0.028198888525366783,0.028198888525366783,0.8696470655595282,0.8696470655595282,0.3485527038574219,0.13607032763569243,0.13607032763569243,0.20723660290241241,1e-06,5.794436454772949,0.9284645046375076,0.11289681915488999,0.26170378032675917,0.21420572154073142,0.15144379741056274,14,46,14,14,0.001,0.0003382531560881736,0.9958698451149719,0.00031781463838986623,0.9961194044825492
1,15,2,8000,64,0.3,1.0,0.75,0.0,1.0,6000,0.898,0.667,0.05912584811449051,0.0,0.98172527551651,0.0,0.0,0.7085099220275879,0.0,0.30127081274986267,0.30127081274986267,0.020938953384757042,0.020938953384757042,0.8422931314461659,0.8422931314461659,0.35767829418182373,0.16359841909431333,0.16359841909431333,0.12798894941806793,1e-06,6.11720085144043,0.9131704697580099,0.07204843460664949,0.14483348446319672,0.06703198455030947,0.04657701018961058,25,35,25,25,0.001,0.00033953103686777827,0.9959306036482998,0.0003436563041286972,0.9958811609001604
1,16,2,8000,64,0.3,1.0,0.75,0.0,1.0,6000,0.897,0.8535,0.024359215050935745,0.0,0.9752574563026428,0.0,0.0,0.6062134504318237,0.0,0.31284579634666443,0.31284579634666443,0.03641362488269806,0.03641362488269806,1.270481731673797,1.270481731673797,0.24624086916446686,0.17911494238178066,0.17911494238178066,0.20329652726650238,1e-06,6.1007232666015625,0.9123734171007893,0.035183465989328665,0.06555374424526637,0.06811138219121464,0.04734056301968839,26,34,26,26,0.001,0.00028269924334846917,0.9966432312948686,0.0002803101720143125,0.9966715991100558
1,17,2,8000,64,0.3,1.0,0.75,0.0,1.0,6000,0.902,0.902,0.04113990068435669,0.0,0.9329732060432434,0.0,0.0,0.4740523099899292,0.0,0.06949370354413986,0.06949370354413986,0.03499970957636833,0.03499970957636833,0.09909936754962963,0.09909936754962963,0.701251745223999,0.7855998206159099,0.7855998206159099,0.0445505753159523,1e-06,5.947682857513428,0.9387924140615727,0.16408504810829336,0.385427364835641,0.39646312601163486,0.2771594185866009,3,57,3,3,0.001,0.0013781332356753977,0.9835933312743387,0.0006995552148819285,0.9916717989460201
1,18,2,8000,64,0.3,1.0,0.75,0.0,1.0,6000,0.898,0.8975,0.02603318728506565,0.0,0.9552700519561768,0.0,0.0,0.5694759488105774,0.0,0.11677077412605286,0.11677077412605286,0.025043940171599388,0.025043940171599388,0.1838514529529218,0.1838514529529218,0.6351355314254761,1.1102860532700451,1.1102860532700451,0.022555295377969742,1e-06,6.333072662353516,0.9256647121749678,0.03369844843142929,0.06098617254857253,0.006836139998607747,0.004804160985697112,15,45,15,15,0.001,0.0003393926806858425,0.9959256568849886,0.0004057675857544105,0.9951288390604875
1,19,2,8000,64,0.3,1.0,0.75,0.0,1.0,6000,0.9035,0.9035,0.02421249821782112,0.5,0.003686070442199707,0.5,0.0,0.659658670425415,0.0,0.4133467674255371,0.4133467674255371,0.04432712495326996,0.04432712495326996,4.145243794792222,4.145243794792222,0.09971491247415543,0.41791590362967834,0.41791590362967834,0.10606609284877777,1e-06,6.483603477478027,0.9272687669414733,0.03492899441781678,0.06486748300747021,0.06826778309228686,0.04806987327558474,29,31,29,29,0.001,0.00028594327603072555,0.9965831448592468,0.0003071033185232157,0.99633029471018
1,20,2,8000,64,0.3,1.0,0.75,0.0,1.0,6000,0.8905,0.8905,0.01908796653151512,0.0,0.9854520559310913,0.0,0.0,0.5010811686515808,0.0,0.3817739188671112,0.3817739188671112,0.025157082825899124,0.025157082825899124,1.8236279717714183,1.8236279717714183,0.20934757590293884,2.823648753175126,2.823648753175126,0.008908423595130444,1e-06,6.381135940551758,0.9152635458328011,0.052570983360409385,0.10535672824445622,0.09681693896880753,0.06824363908097605,23,37,23,23,0.001,0.00040988725827228924,0.995075045322035,0.00041735029660478157,0.9949853740165585
1,21,2,8000,64,0.3,1.0,0.75,0.0,1.0,6000,0.9015,0.9015,0.0213798638433218,0.0,0.9687641859054565,0.0,0.0,0.5118376612663269,0.0,0.15131601691246033,0.15131601691246033,0.06576469540596008,0.06576469540596008,0.2533904151407063,0.2533904151407063,0.597164511680603,0.8215508782415364,0.8215508782415364,0.08004844933748245,1e-06,5.730923175811768,0.862972985334606,0.04450523946228092,0.09013094554488142,0.08391491360576721,0.059085078229468894,15,45,15,15,0.001,0.0004411380787245088,0.9945806649377963,0.00043063452508291546,0.9947096999934238
1,22,2,8000,64,0.3,1.0,0.75,0.0,1.0,6000,0.888,0.877,0.04079858586192131,0.5,0.013686656951904297,0.5,0.0,0.43627768754959106,0.0,0.04993525147438049,0.04993525147438049,0.06330666691064835,0.06330666691064835,0.060823845760219535,0.060823845760219535,0.8209804892539978,1.2931047265596096,1.2931047265596096,0.04895610734820366,1e-06,5.910115718841553,0.9201100858803842,0.10750764271976467,0.23403194219209314,0.050120637064809986,0.03490916487120215,4,56,4,4,0.001,0.004085706951393777,0.9507082156055876,0.015102382820131642,0.8177981419940415
1,23,2,8000,64,0.3,1.0,0.75,0.0,1.0,6000,0.9015,0.9015,0.020420826971530914,0.5,-0.0008508861064910889,0.5,0.0,0.45817670226097107,0.0,0.32555219531059265,0.32555219531059265,0.0671503096818924,0.0671503096818924,1.1386283873825367,1.1386283873825367,0.2859151065349579,3.047599533008772,3.047599533008772,0.022032836452126503,1e-06,6.55673360824585,0.9197993019260124,0.031152247577262954,0.05742195811883968,0.005488607407877612,0.0038416162135611175,24,36,24,24,0.001,0.00023927987667353036,0.9971654115979584,0.0002508467108333785,0.9970283870624493
1,24,2,8000,64,0.3,1.0,0.75,0.0,1.0,6000,0.9015,0.9015,0.017671115696430206,0.0,0.9751607775688171,0.0,0.0,0.605097234249115,0.0,0.24705153703689575,0.24705153703689575,0.12058406323194504,0.12058406323194504,0.530270130236737,0.530270130236737,0.46589651703834534,1.4087217916098458,1.4087217916098458,0.0855972096323967,1e-06,6.22894811630249,0.8837526468331157,0.05249612951057288,0.10275167583928803,0.1263800747454695,0.08724859657962568,21,39,21,21,0.001,0.0002920594717145627,0.9965290069633803,0.0003613791877946616,0.9957051738912941
1,25,2,8000,64,0.3,1.0,0.75,0.0,1.0,6000,0.8885,0.867,0.04310149699449539,0.5,0.0027716457843780518,0.5,0.0,0.6812734603881836,0.0,0.45920103788375854,0.45920103788375854,0.02755933254957199,0.02755933254957199,9.933204711797705,9.933204711797705,0.046227890998125076,0.32550711928696063,0.32550711928696063,0.08466483652591705,1e-06,6.003689765930176,0.8833089190651684,0.1013480572046455,0.21479968563498011,0.018117699881727692,0.012674370054196445,34,26,26,26,0.001,0.000274035501918135,0.9966869769915762,0.0002709582435081336,0.9967241803022562
1,26,2,8000,64,0.3,1.0,0.75,0.0,1.0,6000,0.894,0.894,0.02209075540304184,0.0,0.9602839946746826,0.0,0.0,0.49124133586883545,0.0,0.02680298313498497,0.02680298313498497,0.039908505976200104,0.039908505976200104,0.03360384870854288,0.03360384870854288,0.7976154685020447,0.41104834262044027,0.41104834262044027,0.09708856791257858,1e-06,6.4931721687316895,0.9315647391146945,0.06402241865771498,0.1308965186426514,0.01319640884395716,0.009252631129310672,4,56,4,4,0.001,0.0015528736515473774,0.9817388769228134,0.0015224055635362317,0.9820971684712234
1,27,2,8000,64,0.3,1.0,0.75,0.0,1.0,6000,0.8885,0.8885,0.018585219979286194,0.5,0.038838475942611694,0.5,0.5,0.15066120028495789,0.5,0.18166202306747437,0.18166202306747437,0.039454299956560135,0.039454299956560135,0.40985964015449505,0.40985964015449505,0.4432288408279419,0.5945440339309481,0.5945440339309481,0.06635960191488266,1e-06,5.804272174835205,0.914789938486745,0.08996011169060875,0.1998882082174889,0.17142287647680032,0.12118526173055504,15,45,15,15,0.001,0.00027156050052638803,0.9967679636518664,0.0002427998018869689,0.9971102653607679
1,28,2,8000,64,0.3,1.0,0.75,0.0,1.0,6000,0.895,0.765,0.06372180581092834,0.5,0.011518388986587524,0.5,0.0,0.5981930494308472,0.0,0.03727345913648605,0.03727345913648605,0.04265228658914566,0.04265228658914566,0.04113221325305414,0.04113221325305414,0.9061855673789978,0.2899468949286729,0.2899468949286729,0.14710278809070587,1e-06,6.711373329162598,0.9500518368901408,0.08799570473127571,0.18305079874719038,0.0054875282810246655,0.003850480767212307,11,49,11,11,0.001,0.00036588423163705955,0.9954883474309304,0.00027384615817204605,0.9966232523399032
1,29,2,8000,64,0.3,1.0,0.75,0.0,1.0,6000,0.886,0.886,0.03711136803030968,0.0,0.9570335149765015,0.0,0.0,0.6634868383407593,0.0,0.061654042452573776,0.061654042452573776,0.03113514930009842,0.03113514930009842,0.08581183944011551,0.08581183944011551,0.7184784412384033,0.16066981928596888,0.16066981928596888,0.19378243386745453,1e-06,5.93011474609375,0.880360073784924,0.1548385430261517,0.3870524132171448,0.3315953764291534,0.23339089240297797,6,54,6,6,0.001,0.0004762261997442756,0.9942040064036337,0.00047590438020700377,0.9942079231641526
1,30,2,8000,64,0.3,1.0,0.75,0.0,1.0,6000,0.8795,0.776,0.046395525336265564,0.0,0.9608843326568604,0.0,0.5,0.1280408501625061,0.5,0.2087763398885727,0.2087763398885727,0.023961981758475304,0.023961981758475304,0.37908651268808125,0.37908651268808125,0.5507343411445618,0.17376731823859337,0.17376731823859337,0.13789594173431396,1e-06,6.026782512664795,0.907854591895234,0.09273998251940367,0.2090394046218939,0.07361472276392389,0.05173378364556676,29,31,29,29,0.001,0.0002969278784826639,0.9963969231685162,0.0002892901223255475,0.9964896036618227
1,31,2,8000,64,0.3,1.0,0.75,0.0,1.0,6000,0.9025,0.902,0.04032062739133835,0.5,0.02775859832763672,0.5,0.0,0.6336010694503784,0.0,0.054632775485515594,0.054632775485515594,0.06051500141620636,0.06051500141620636,0.06797051714099885,0.06797051714099885,0.8037706613540649,0.7485054964434725,0.7485054964434725,0.08084677159786224,1e-06,6.416536331176758,0.9411275134588761,0.12620113326003685,0.29310076763782633,0.20385801837238535,0.14410601364934086,8,52,8,8,0.001,0.0015780811028813112,0.9805983910171879,0.00047350526018341484,0.9941785223252405
1,32,2,8000,64,0.3,1.0,0.75,0.0,1.0,6000,0.8935,0.8935,0.016232406720519066,0.0,0.9507800936698914,0.0,0.0,0.6340005397796631,0.0,0.1297374814748764,0.1297374814748764,0.028493691235780716,0.028493691235780716,0.19054801553801437,0.19054801553801437,0.6808640360832214,0.3127695529631247,0.3127695529631247,0.09110023081302643,1e-06,6.6030988693237305,0.913409272556763,0.026660656013452598,0.05047044263990545,0.010619389672352915,0.007429875238280585,13,47,13,13,0.001,0.0010067740532161869,0.9876984677017089,0.0005901569559056684,0.9927890127571892
1,33,2,8000,64,0.3,1.0,0.75,0.0,1.0,6000,0.8805,0.748,0.028660936281085014,0.0,0.9872629642486572,0.0,0.0,0.6442162394523621,0.0,0.14149215817451477,0.14149215817451477,0.04319947957992554,0.04319947957992554,0.20876072840179152,0.20876072840179152,0.6777709126472473,0.4397769207818054,0.4397769207818054,0.09822943806648254,1e-06,6.332550048828125,0.8967242332195318,0.04655110308261511,0.09165772279525641,0.021644979014051234,0.015090593233045168,12,48,12,12,0.001,0.0002928271475184216,0.9963350178106775,0.000332559312363068,0.9958377357870233
1,34,2,8000,64,0.3,1.0,0.75,0.0,1.0,6000,0.904,0.178,0.03833450749516487,0.0,0.9782675504684448,0.0,0.5,-0.015854984521865845,0.5,0.3269496560096741,0.3269496560096741,0.05911993607878685,0.05911993607878685,1.0286729159063772,1.0286729159063772,0.31783536076545715,3.5410422382297226,3.5410422382297226,0.016694631427526474,1e-06,6.60910701751709,0.9401030401020517,0.029482363059421347,0.0544854722457794,0.01590370204846978,0.011118598021498694,28,32,28,28,0.001,0.00036499295475549327,0.9956623442402358,0.00047218777459601894,0.9943884176571607
1,35,2,8000,64,0.3,1.0,0.75,0.0,1.0,6000,0.892,0.4395,0.031133824959397316,0.0,0.9555937051773071,0.0,0.0,0.5840429067611694,0.0,0.11353779584169388,0.11353779584169388,0.02369084767997265,0.02369084767997265,0.16641120543154905,0.16641120543154905,0.6822715401649475,0.1667095559008398,0.1667095559008398,0.1421075165271759,1e-06,6.6144118309021,0.9146548637553752,0.017828880912026224,0.03412455574378647,0.02258894584057988,0.01588609528473898,12,48,12,12,0.001,0.0005066052150172793,0.9935624361706656,0.00036177293431661074,0.9954028575163615
1,36,2,8000,64,0.3,1.0,0.75,0.0,1.0,6000,0.901,0.901,0.021907340735197067,0.5,0.020335376262664795,0.5,0.0,0.5469146370887756,0.0,0.17357231676578522,0.17357231676578522,0.07660672068595886,0.07660672068595886,0.32308043737186076,0.32308043737186076,0.5372408032417297,1.0470761316094603,1.0470761316094603,0.07316151261329651,1e-06,6.0421624183654785,0.9027638910201545,0.08429247236951068,0.1791025406716848,0.12723237769171755,0.08991640318975488,18,42,18,18,0.001,0.00024575618677078744,0.9970391256094183,0.00024316064972061473,0.9970703966804854
1,37,2,8000,64,0.3,1.0,0.75,0.0,1.0,6000,0.9005,0.9005,0.029043378308415413,1.0,-0.9330267906188965,1.0,0.0,0.5077213644981384,0.0,0.11901755630970001,0.11901755630970001,0.0394737683236599,0.0394737683236599,0.2057382891695214,0.2057382891695214,0.5784890651702881,0.4477753599713224,0.4477753599713224,0.08815429359674454,1e-06,6.182827472686768,0.9779095048640788,0.02393705147745751,0.04580355069373977,0.03526251436690718,0.02478486727985094,15,45,15,15,0.001,0.00028326323895119695,0.9965024028252577,0.0002938355586478517,0.9963718609461264
1,38,2,8000,64,0.3,1.0,0.75,0.0,1.0,6000,0.9015,0.7435,0.026341618970036507,0.0,0.9421179294586182,0.0,0.0,0.7287159562110901,0.0,0.025215042755007744,0.025215042755007744,0.028983213007450104,0.028983213007450104,0.030872793953446612,0.030872793953446612,0.8167389035224915,1.0464092810392591,1.0464092810392591,0.027696778997778893,1e-06,6.425358772277832,0.9303508977967246,0.04673753229224155,0.09175092142647119,0.11862343875903264,0.08366288768948033,6,54,6,6,0.001,0.00317022152201542,0.9633386958232096,0.0004434942271298885,0.994871312099628
1,39,2,8000,64,0.3,1.0,0.75,0.0,1.0,6000,0.896,0.8955,0.035454802215099335,0.0,0.9669246673583984,0.0,0.0,0.7858763933181763,0.0,0.03581030294299126,0.03581030294299126,0.02704082988202572,0.02704082988202572,0.06874024929831847,0.06874024929831847,0.5209500193595886,0.21498594188901549,0.21498594188901549,0.12577852606773376,1e-06,6.009983062744141,0.940110354652631,0.14187723736535487,0.32409843008527284,0.3432518473040562,0.2411162192932523,8,52,8,8,0.001,0.0008659879260992367,0.9896512149178875,0.0006031273261311223,0.9927924687086632
1,40,2,8000,64,0.3,1.0,0.75,0.0,1.0,6000,0.8905,0.7985,0.0248500294983387,1.0,-0.9034026265144348,1.0,0.0,0.39695775508880615,0.0,0.023947035893797874,0.023947035893797874,0.0606362521648407,0.0606362521648407,0.033622013366174444,0.033622013366174444,0.7122417688369751,20.833185996833034,20.833185996833034,0.002909560687839985,1e-06,5.685112476348877,0.9148988792117098,0.05259191474063392,0.10194870814507859,0.098135983421997,0.0691449820828051,3,57,3,3,0.001,0.0004893699530788339,0.9940145893386089,0.0005048693029738013,0.9938250191095371
1,41,2,8000,64,0.3,1.0,0.75,0.0,1.0,6000,0.8865,0.8865,0.024324234575033188,0.0,0.972864031791687,0.0,0.0,0.5654045343399048,0.0,0.07469882071018219,0.07469882071018219,0.08098464459180832,0.08098464459180832,0.09203912810386422,0.09203912810386422,0.8115975260734558,0.6181607879992433,0.6181607879992433,0.13100802898406982,1e-06,6.128611087799072,0.9062854859826031,0.08180666230986526,0.17429390725495425,0.09877061592744799,0.06973071104762707,9,51,9,9,0.001,0.00046548249905536124,0.9943502111492741,0.00033042731330126677,0.995989442021014
1,42,2,8000,64,0.3,1.0,0.75,0.0,1.0,6000,0.898,0.898,0.02421671710908413,0.0,0.9677957892417908,0.0,0.0,0.45562422275543213,0.0,0.048536188900470734,0.048536188900470734,0.03444795310497284,0.03444795310497284,0.057988022290956225,0.057988022290956225,0.837002694606781,0.3115493448448818,0.3115493448448818,0.1105688139796257,1e-06,6.543161869049072,0.9510002201117695,0.046094329410405685,0.08366723150259915,0.008813748395570283,0.0061529567588641835,9,51,9,9,0.001,0.0007705613080637182,0.9909328751508066,0.00038807071905266964,0.9954336071339883
1,43,2,8000,64,0.3,1.0,0.75,0.0,1.0,6000,0.878,0.5235,0.03418947011232376,1.0,-0.8816732168197632,1.0,0.0,0.4824874997138977,0.0,0.17039355635643005,0.17039355635643005,0.054720040410757065,0.054720040410757065,0.4480712969118504,0.4480712969118504,0.3802812397480011,7.3558578652367,7.3558578652367,0.00743797468021512,1e-06,5.245613098144531,0.9001996161515858,0.05071517739386327,0.10400794960112816,0.028978046346739176,0.020368748340726762,10,50,10,10,0.001,0.00031909464684705646,0.9961027103473056,0.0002086158758468225,0.9974520522285186
1,44,2,8000,64,0.3,1.0,0.75,0.0,1.0,6000,0.8985,0.8985,0.03224797919392586,0.5,-0.030143320560455322,0.5,0.0,0.6283339262008667,0.0,0.04246620833873749,0.04246620833873749,0.02526913583278656,0.02526913583278656,0.04853027136416846,0.04853027136416846,0.8750447630882263,0.2437563190649185,0.2437563190649185,0.10366456210613251,1e-06,6.2252020835876465,0.9112349649347706,0.1858496696234364,0.500215154718609,0.3845854435985391,0.2699726765446474,5,55,5,5,0.001,0.0014409394192792513,0.9823898844192424,0.004145010228777568,0.9493426939151219
1,45,2,8000,64,0.3,1.0,0.75,0.0,1.0,6000,0.8945,0.8945,0.02869069017469883,0.0,0.9893015623092651,0.0,0.0,0.485164076089859,0.0,0.1657847911119461,0.1657847911119461,0.017054278403520584,0.017054278403520584,0.256553877017181,0.256553877017181,0.6461977362632751,0.07055051501067934,0.07055051501067934,0.2417304515838623,1e-06,6.365931987762451,0.9352651257563142,0.040070945152773985,0.07204450437429724,0.028237351116095318,0.01983672835152236,23,37,23,23,0.001,0.0002991610233041828,0.9964076270252528,0.0002425731377373313,0.9970871433224068
1,46,2,8000,64,0.3,1.0,0.75,0.0,1.0,6000,0.9125,0.906,0.02572927623987198,1.0,-0.9469612836837769,1.0,0.0,0.6600723266601562,0.0,0.41357508301734924,0.41357508301734924,0.03180466964840889,0.03180466964840889,5.094794148163574,5.094794148163574,0.08117501437664032,0.5670146693964434,0.5670146693964434,0.05609044060111046,1e-06,6.163835525512695,0.935027031984705,0.025862786857707327,0.04765732068487459,0.03897679157078737,0.027210886595906165,33,27,27,27,0.001,0.0002989078742970982,0.9964312521410384,0.0003627449415200833,0.9956690828689504
1,47,2,8000,64,0.3,1.0,0.75,0.0,1.0,6000,0.9105,0.9105,0.03282424062490463,0.0,0.9701532125473022,0.0,0.0,0.6059756875038147,0.0,0.26821061968803406,0.26821061968803406,0.039856187999248505,0.039856187999248505,0.735259110136387,0.735259110136387,0.36478281021118164,0.7404239028402121,0.7404239028402121,0.05382787808775902,1e-06,6.399261474609375,0.952206488845286,0.11324878924682868,0.2459484207664267,0.11730363430077012,0.082791246614644,16,44,16,16,0.001,0.0003578057106962007,0.995694779734892,0.000277331926101785,0.9966630632415238
1,48,2,8000,64,0.3,1.0,0.75,0.0,1.0,6000,0.8935,0.8935,0.027209080755710602,0.0,0.9821574687957764,0.0,0.0,0.6310060024261475,0.0,0.1195756047964096,0.1195756047964096,0.052487198263406754,0.052487198263406754,0.16861173435277438,0.16861173435277438,0.709176242351532,0.35821031846515505,0.35821031846515505,0.14652520418167114,1e-06,6.865280628204346,0.9358374343890457,0.12379540092376703,0.28127051235273576,0.2636188058017072,0.18607156861907106,10,50,10,10,0.001,0.0003528249045463375,0.9957055323071653,0.0006353186236832773,0.9922671124716318
1,49,2,8000,64,0.3,1.0,0.75,0.0,1.0,6000,0.8765,0.876,0.032718684524297714,0.5,0.005147069692611694,0.5,0.0,0.6365519762039185,0.0,0.12541265785694122,0.12541265785694122,0.03756523132324219,0.03756523132324219,0.1857428314245966,0.1857428314245966,0.6751941442489624,4.376433626408373,4.376433626408373,0.00858252588659525,1e-06,6.309685230255127,0.9268303530996334,0.13415396527754955,0.3000856326276749,0.1876585411939548,0.13269321591604816,13,47,13,13,0.001,0.000532324070980261,0.9936523775495195,0.00028626976475434613,0.9965864170254367
1,50,2,8000,64,0.3,1.0,0.75,0.0,1.0,6000,0.8875,0.679,0.035308871418237686,0.5,0.03135356307029724,0.5,0.0,0.5616429448127747,0.0,0.005901089403778315,0.005901089403778315,0.04856753721833229,0.04856753721833229,0.006399196666299446,0.006399196666299446,0.9221599698066711,0.28427099490403196,0.28427099490403196,0.17084842920303345,1e-06,6.235390663146973,0.9407045643430906,0.05203783745148196,0.10077172955740035,0.04349037445228599,0.030537290795069744,4,56,4,4,0.001,0.0027322266392013628,0.9674482574267196,0.002268202534956468,0.9729766396525776
