scenario,seed,k_known,n,r,sigma_x,d_max,R_task,p_lo,p_hi,F_keep_n,bb_acc,cbm_acc,cbm_mse,F_frac_best_abs_negative,F_mean_best_abs_signed,F_frac_margin_negative,E_frac_best_abs_negative,E_mean_best_abs_signed,E_frac_margin_negative,F_pair_raw_mean,F_pair_raw_max,E_pair_raw_mean,E_pair_raw_max,F_pair_soft_mean,F_pair_soft_max,F_mean_abs_Z,E_pair_soft_mean,E_pair_soft_max,E_mean_abs_Z,pair_soft_eps,S_frob_abs,S_frob_rel,Cov_frob_abs,Cov_frob_rel,Corr_frob_abs,Corr_frob_rel
0,1,2,8000,64,0.3,1,0.75,0.1,0.9,2067,0.8845,0.886,0.0337795056402683,0.5,-0.00756433606147766,0.5,0,0.523912370204926,0,0.0404173396527767,0.0404173396527767,0.049380861222744,0.049380861222744,0.0501520631583995,0.0501520631583995,0.80589485168457,0.510138551476163,0.510138551476163,0.0967979207634926,0.000001,6.43384027481079,0.953441578199609,0.0277944145871477,0.0686198948364402,0.102588846559697,0.0563650640306301
0,2,2,8000,64,0.3,1,0.75,0.1,0.9,2036,0.8875,0.884,0.0264759380370379,0,0.960007607936859,0,0,0.477029830217361,0,0.115929037332535,0.115929037332535,0.0515163987874985,0.0515163987874985,0.164855726019073,0.164855726019073,0.703214108943939,4.52737198236457,4.52737198236457,0.0113778747618198,0.000001,6.5466890335083,0.941943303383173,0.0423885210146924,0.104925501078026,0.17477369460242,0.0984704363402912
0,3,2,8000,64,0.3,1,0.75,0.1,0.9,2096,0.873,0.5335,0.02993218973279,0,0.966980814933777,0,0,0.423497498035431,0,0.00342136528342962,0.00342136528342962,0.0436729229986668,0.0436729229986668,0.00379536467112682,0.00379536467112682,0.901457905769348,0.918528603652346,0.918528603652346,0.0475456118583679,0.000001,6.55741453170776,0.934241263534138,0.0396159473957577,0.107299613339177,0.122255618567297,0.0677093795790349
0,4,2,8000,64,0.3,1,0.75,0.1,0.9,2037,0.873,0.8395,0.0174780897796154,0,0.984210848808289,0,0.5,0.116877034306526,0.5,0.336833238601685,0.336833238601685,0.0517239458858967,0.0517239458858967,1.14875997856319,1.14875997856319,0.29321363568306,0.282508399373102,0.282508399373102,0.183087170124054,0.000001,6.8784761428833,0.920790332359176,0.0403382706148515,0.108620096421861,0.076780956307613,0.0418133563978036
0,5,2,8000,64,0.3,1,0.75,0.1,0.9,2062,0.8755,0.879,0.0315927676856518,0,0.943839073181152,0,0,0.643520832061768,0,0.0154639128595591,0.0154639128595591,0.0476839058101177,0.0476839058101177,0.0179894281660158,0.0179894281660158,0.859610140323639,0.275389519286269,0.275389519286269,0.173149764537811,0.000001,6.69265842437744,0.956512956741666,0.0431479595018082,0.0996243466612431,0.183358661319048,0.103717110371724
0,6,2,8000,64,0.3,1,0.75,0.1,0.9,2283,0.881,0.8825,0.0309758670628071,0.5,0.020018607378006,0.5,0,0.520673632621765,0,0.330837070941925,0.330837070941925,0.0682405829429627,0.0682405829429627,1.34544897679672,1.34544897679672,0.245892435312271,12.933497619629,12.933497619629,0.0052752667106688,0.000001,5.96654319763184,0.961082701860272,0.0373819022600038,0.0981855179175492,0.145802397381728,0.0813421952162411
0,7,2,8000,64,0.3,1,0.75,0.1,0.9,1987,0.873,0.8815,0.0154330460354686,0.5,0.00579336285591126,0.5,0,0.701213955879211,0,0,0,0.0168101936578751,0.0168101936578751,0,0,0.896775484085083,0.333825280873696,0.333825280873696,0.0503552630543709,0.000001,7.19725561141968,0.925653936077999,0.0323005089972,0.0715646311709739,0.0402804453376774,0.0216122096273261
0,8,2,8000,64,0.3,1,0.75,0.1,0.9,2024,0.883,0.883,0.0170286670327187,0,0.963555216789246,0,0,0.52436113357544,0,0.0253947470337152,0.0253947470337152,0.0811995267868042,0.0811995267868042,0.0291887207722934,0.0291887207722934,0.870018184185028,1.38348897186631,1.38348897186631,0.0586908496916294,0.000001,6.31355142593384,0.891743840588759,0.0273370018376405,0.0614562757091877,0.0760932270141545,0.0413506013721147
0,9,2,8000,64,0.3,1,0.75,0.1,0.9,2202,0.8785,0.878,0.0206156633794308,0.5,-0.0191190838813782,0.5,0,0.523965954780579,0,0.174623727798462,0.174623727798462,0.0472996421158314,0.0472996421158314,0.291723355909984,0.291723355909984,0.598592579364777,0.41169168182169,0.41169168182169,0.114889934659004,0.000001,6.99237537384033,0.93388010642244,0.0312471950271535,0.0791397556154662,0.0883557506649949,0.0482967114936252
0,10,2,8000,64,0.3,1,0.75,0.1,0.9,2244,0.882,0.882,0.0244767591357231,0,0.924787878990173,0,0,0.476668536663055,0,0.00564169185236096,0.00564169185236096,0.0390270799398422,0.0390270799398422,0.00759878053483967,0.00759878053483967,0.742446005344391,0.817747189015278,0.817747189015278,0.0477241165935993,0.000001,6.90373611450195,0.95126713440088,0.0309349169489762,0.0716180774013057,0.118668663749308,0.0656043718832072
0,11,2,8000,64,0.3,1,0.75,0.1,0.9,2055,0.8695,0.8715,0.0205724146217108,0.5,0.00275066494941711,0.5,0,0.483685463666916,0,0.00533076375722885,0.00533076375722885,0.0519577078521252,0.0519577078521252,0.00571818944181992,0.00571818944181992,0.932245790958405,0.885574872876024,0.885574872876024,0.0586701631546021,0.000001,7.06831741333008,0.912711130858006,0.0222908761573872,0.0536488328086849,0.0976133850327827,0.0534818592601312
0,12,2,8000,64,0.3,1,0.75,0.1,0.9,2100,0.8675,0.8,0.0407644137740135,0.5,0.0101391673088074,0.5,0,0.562743186950684,0,0,0,0.0869935527443886,0.0869935527443886,0,0,0.97503936290741,0.68554221480453,0.68554221480453,0.126896440982819,0.000001,6.57416152954102,0.935046459621838,0.0696071649773508,0.199348429754891,0.159350235411303,0.0892311243083048
0,13,2,8000,64,0.3,1,0.75,0.1,0.9,2027,0.8785,0.1205,0.0363652557134628,0,0.982296884059906,0,0,0.43764716386795,0,0.34117391705513,0.34117391705513,0.0454699210822582,0.0454699210822582,1.42790587289905,1.42790587289905,0.238932058215141,0.423523761717297,0.423523761717297,0.10735996812582,0.000001,6.42232370376587,0.915390004470594,0.0329238806954828,0.0763761248876344,0.0816880940633214,0.0444880382872772
0,14,2,8000,64,0.3,1,0.75,0.1,0.9,2247,0.8785,0.8785,0.0225015226751566,0.5,0.00758859515190125,0.5,0,0.664692997932434,0,0.0176777150481939,0.0176777150481939,0.0369717292487621,0.0369717292487621,0.0197784134845307,0.0197784134845307,0.893787324428558,0.22601798387047,0.22601798387047,0.163577705621719,0.000001,7.05074405670166,0.930035565498859,0.0295291826251295,0.0686011055464987,0.117068794067405,0.0646637707744139
0,15,2,8000,64,0.3,1,0.75,0.1,0.9,2083,0.8675,0.6485,0.0555380806326866,0.5,-0.0364565253257751,0.5,0,0.506312012672424,0,0,0,0.032022949308157,0.032022949308157,0,0,0.925297737121582,0.261293013055095,0.261293013055095,0.122554704546928,0.000001,7.42759466171265,0.915052981189741,0.0576675392277741,0.158770070357146,0.15561611263939,0.0871568072228894
0,16,2,8000,64,0.3,1,0.75,0.1,0.9,2071,0.879,0.8765,0.0298379361629486,0,0.974184513092041,0,0,0.656999051570892,0,0.114136956632137,0.114136956632137,0.0310225356370211,0.0310225356370211,0.155699188296478,0.155699188296478,0.733059704303742,0.145201473379178,0.145201473379178,0.213650658726692,0.000001,6.81280279159546,0.912558901236137,0.0352616497566497,0.079235471107248,0.139160293295119,0.077207040562377
0,17,2,8000,64,0.3,1,0.75,0.1,0.9,2096,0.8755,0.8755,0.0291835255920887,1,-0.953401923179627,1,0,0.608430206775665,0,0.177494943141937,0.177494943141937,0.0979821532964706,0.0979821532964706,0.321988991104047,0.321988991104047,0.551244378089905,9.80402474194188,9.80402474194188,0.00999307446181774,0.000001,6.88415956497192,0.954030695764002,0.0408747178490169,0.0951670828190175,0.178260549249582,0.100514544651029
0,18,2,8000,64,0.3,1,0.75,0.1,0.9,2102,0.8695,0.8815,0.0300833228975534,0,0.977327704429627,0,0.5,0.109672904014587,0.5,0.152957782149315,0.152957782149315,0.0392803438007832,0.0392803438007832,0.249471476456997,0.249471476456997,0.613126337528229,10.2397596866038,10.2397596866038,0.00383506109938025,0.000001,6.80399513244629,0.940844353853844,0.0358920144528825,0.0804397057758696,0.112509794162152,0.061933007946782
0,19,2,8000,64,0.3,1,0.75,0.1,0.9,2152,0.865,0.865,0.0258055031299591,0.5,-0.0697154700756073,0.5,0,0.504225015640259,0,0.390117049217224,0.390117049217224,0.0200716499239206,0.0200716499239206,6.57879290104576,6.57879290104576,0.0592981837689877,0.178451340532061,0.178451340532061,0.112475879490376,0.000001,6.00260210037231,0.917547159579287,0.0267744634357525,0.063730718805962,0.138215778376167,0.0769713875214728
0,20,2,8000,64,0.3,1,0.75,0.1,0.9,2104,0.88,0.8825,0.0219179522246122,0.5,0.00513303279876709,0.5,0.5,-0.0166303962469101,0.5,0.0686204954981804,0.0686204954981804,0.049499049782753,0.049499049782753,0.0827090414639941,0.0827090414639941,0.829660356044769,3.38048298400576,3.38048298400576,0.0146415969356895,0.000001,6.51455783843994,0.936931726145136,0.0285987093152369,0.0675693655004494,0.110998288399649,0.06122600908534
0,21,2,8000,64,0.3,1,0.75,0.1,0.9,2091,0.8865,0.892,0.0210803803056479,0.5,0.00308865308761597,0.5,0,0.482078969478607,0,0.106164447963238,0.106164447963238,0.0555911473929882,0.0555911473929882,0.140374142624298,0.140374142624298,0.756295323371887,1.28950558338375,1.28950558338375,0.0431094355881214,0.000001,6.67322444915772,0.888071317983211,0.0268045430583112,0.062880184698568,0.106692174275936,0.0586486339098337
0,22,2,8000,64,0.3,1,0.75,0.1,0.9,2271,0.863,0.8625,0.0341664180159569,0,0.986512422561646,0,0,0.36412113904953,0,0.0718794763088226,0.0718794763088226,0.0557651408016682,0.0557651408016682,0.0875073149307789,0.0875073149307789,0.821410059928894,1.18779656907396,1.18779656907396,0.04694739356637,0.000001,6.79316139221191,0.91157016438116,0.0748426982275552,0.216499586871779,0.163681960998352,0.0918460957772258
0,23,2,8000,64,0.3,1,0.75,0.1,0.9,2248,0.892,0.8965,0.0224972292780876,0,0.926927268505096,0,0,0.417608559131622,0,0.244450569152832,0.244450569152832,0.056297417730093,0.056297417730093,0.67761299726867,0.67761299726867,0.360751479864121,2.07940795734873,2.07940795734873,0.0270727723836899,0.000001,6.67046022415161,0.936998452867248,0.0274452220844663,0.0627198850597642,0.0937223660693936,0.0512865390096143
0,24,2,8000,64,0.3,1,0.75,0.1,0.9,2128,0.8675,0.8725,0.0190104637295008,0,0.982515692710877,0,0,0.51492965221405,0,0.449712067842484,0.449712067842484,0.0762537121772766,0.0762537121772766,5.94932751989388,5.94932751989388,0.0755894035100937,0.781055740937781,0.781055740937781,0.0976280272006989,0.000001,6.57023811340332,0.910769581400984,0.0179638326678591,0.0435009120428591,0.0843888744027266,0.0459365379612637
0,25,2,8000,64,0.3,1,0.75,0.1,0.9,2157,0.8755,0.844,0.037717379629612,0,0.920253574848175,0,0.5,0.211230874061584,0.5,0.0754333660006523,0.0754333660006523,0.0304960589855909,0.0304960589855909,0.123024740460916,0.123024740460916,0.613155066967011,0.509826458087754,0.509826458087754,0.0598155483603478,0.000001,6.16052961349487,0.944120446329486,0.0550102962847655,0.147265238661301,0.145241399987697,0.0809143809840563
0,26,2,8000,64,0.3,1,0.75,0.1,0.9,2037,0.876,0.876,0.0246209651231766,1,-0.954904794692993,1,0,0.473060071468353,0,0.134987562894821,0.134987562894821,0.0317962169647217,0.0317962169647217,0.213060724426564,0.213060724426564,0.633562803268433,0.861372418656024,0.861372418656024,0.0369124375283718,0.000001,6.72639942169189,0.932492427864536,0.0336417828197095,0.0827203559922883,0.113413962082101,0.0625366662727354
0,27,2,8000,64,0.3,1,0.75,0.1,0.9,2128,0.867,0.873,0.0200448725372553,0,0.964458346366882,0,0,0.512425124645233,0,0.183590069413185,0.183590069413185,0.0418174564838409,0.0418174564838409,0.30307222707726,0.30307222707726,0.605762422084808,0.608374340510923,0.608374340510923,0.0687353909015656,0.000001,6.81587076187134,0.921547747591033,0.0242937984053292,0.0578772408514831,0.13197899119783,0.0732485074274856
0,28,2,8000,64,0.3,1,0.75,0.1,0.9,2101,0.882,0.758,0.0537812225520611,0,0.980239391326904,0,0.5,-0.0641512721776962,0.5,0.0152201727032661,0.0152201727032661,0.0395095273852348,0.0395095273852348,0.0162328860728801,0.0162328860728801,0.937612473964691,0.216689047870401,0.216689047870401,0.182331830263138,0.000001,6.86315488815308,0.953559843352702,0.0704800042281235,0.192909721245915,0.186013857121816,0.104982155695116
0,29,2,8000,64,0.3,1,0.75,0.1,0.9,2306,0.871,0.882,0.0214041490107775,0,0.967005252838135,0,0.5,0.118572428822517,0.5,0.0420746244490147,0.0420746244490147,0.0503314957022667,0.0503314957022667,0.0499763018803455,0.0499763018803455,0.841890513896942,0.242302266338632,0.242302266338632,0.207720935344696,0.000001,6.37747478485107,0.877616322828003,0.0221384182339449,0.0551099175640345,0.0681696475406583,0.0370379237862353
0,30,2,8000,64,0.3,1,0.75,0.1,0.9,2147,0.8635,0.854,0.0374835170805454,0,0.988900303840637,0,0.5,0.134409710764885,0.5,0.0162668339908123,0.0162668339908123,0.0204143393784761,0.0204143393784761,0.0174024694701686,0.0174024694701686,0.934741854667664,0.135255623472484,0.135255623472484,0.150930538773537,0.000001,7.42549800872803,0.935270340093372,0.0350205010442634,0.0861694546620307,0.116946290956942,0.0644592612639378
0,31,2,8000,64,0.3,1,0.75,0.1,0.9,2143,0.884,0.8845,0.0286142416298389,0.5,0.0141499936580658,0.5,0,0.650774598121643,0,0.0161721687763929,0.0161721687763929,0.0990625992417336,0.0990625992417336,0.01839293898603,0.01839293898603,0.879258632659912,2.2839984228248,2.2839984228248,0.0433714464306831,0.000001,6.85340547561646,0.927230632719817,0.0411977686836993,0.105556514689455,0.130022004870436,0.0720780820720895
0,32,2,8000,64,0.3,1,0.75,0.1,0.9,2186,0.876,0.8815,0.0193976368755102,0.5,0.0166172981262207,0.5,0,0.566020846366882,0,0.190667793154717,0.190667793154717,0.0380108542740345,0.0380108542740345,0.380232105743326,0.380232105743326,0.501450061798096,0.498594478721539,0.498594478721539,0.0762350112199783,0.000001,6.14762353897095,0.912107638102183,0.0270760679131312,0.0651579226931025,0.0954261163951396,0.0523494505551558
0,33,2,8000,64,0.3,1,0.75,0.1,0.9,2051,0.879,0.6855,0.0306521374732256,0.5,-0.00623199343681335,0.5,0,0.512504518032074,0,0.0643270537257195,0.0643270537257195,0.0447487123310566,0.0447487123310566,0.0758684847364656,0.0758684847364656,0.847874820232391,0.434709441498398,0.434709441498398,0.102938361465931,0.000001,7.27739572525024,0.911292196242737,0.0364814711471619,0.0939296118071774,0.118662772723115,0.0655616384161116
0,34,2,8000,64,0.3,1,0.75,0.1,0.9,2125,0.879,0.2345,0.0410214774310589,0.5,0.03862464427948,0.5,0.5,-0.0397522151470184,0.5,0.0885921791195869,0.0885921791195869,0.0330318249762058,0.0330318249762058,0.143199055452881,0.143199055452881,0.618663549423218,5.9296828063352,5.9296828063352,0.00556958885863423,0.000001,6.36655378341675,0.927020785155125,0.0206470710550546,0.0497323612163256,0.111688859526787,0.0615712190492151
0,35,2,8000,64,0.3,1,0.75,0.1,0.9,2011,0.8725,0.125,0.0367800146341324,0,0.948333978652954,0,0,0.526323318481445,0,0.365963995456696,0.365963995456696,0.0381975583732128,0.0381975583732128,3.93105315817701,3.93105315817701,0.0930946618318558,0.248528109547297,0.248528109547297,0.153694123029709,0.000001,6.10956716537476,0.885103377842505,0.0233462895247899,0.0536227251684865,0.110268670244202,0.0606194346630476
0,36,2,8000,64,0.3,1,0.75,0.1,0.9,2165,0.88,0.8785,0.0219260305166245,0,0.968995928764343,0,0,0.380732208490372,0,0.153128430247307,0.153128430247307,0.0642483606934547,0.0642483606934547,0.266583847961686,0.266583847961686,0.574409008026123,0.756197114031611,0.756197114031611,0.0849614515900612,0.000001,6.69263076782227,0.931095443514695,0.0269868334516866,0.0663370262304603,0.125919958598386,0.069725461497986
0,37,2,8000,64,0.3,1,0.75,0.1,0.9,2166,0.882,0.8845,0.0301148127764463,0.5,0.0147998631000519,0.5,0,0.450928866863251,0,0.0333160907030106,0.0333160907030106,0.036348532885313,0.036348532885313,0.0485347531156789,0.0485347531156789,0.686436831951141,0.696057414823307,0.696057414823307,0.052219595760107,0.000001,7.34022235870361,0.935360178905821,0.0361086771185274,0.0892883168231468,0.184525335836088,0.10400240191711
0,38,2,8000,64,0.3,1,0.75,0.1,0.9,2121,0.8745,0.883,0.0261108372360468,0.5,-0.0319784581661224,0.5,0,0.484331011772156,0,0.0886600837111473,0.0886600837111473,0.030224559828639,0.030224559828639,0.120780916198979,0.120780916198979,0.734056055545807,1.09805510112126,1.09805510112126,0.0275245402008295,0.000001,6.771812915802,0.923839299102122,0.0386767742391449,0.0858015450113059,0.104692056108875,0.0575328779581992
0,39,2,8000,64,0.3,1,0.75,0.1,0.9,2274,0.866,0.8715,0.0249372888356447,0.5,0.0277446806430817,0.5,0,0.737008571624756,0,0.209949880838394,0.209949880838394,0.0287631638348103,0.0287631638348103,0.531932708835358,0.531932708835358,0.394691556692123,0.199318200464196,0.199318200464196,0.144306764006615,0.000001,6.33496475219727,0.952625718401221,0.0271893780772779,0.0635979136209957,0.0909350929362078,0.0498622212922098
0,40,2,8000,64,0.3,1,0.75,0.1,0.9,1962,0.873,0.871,0.0263379458338022,0.5,0.048166424036026,0.5,0,0.611992835998535,0,0,0,0.0399359501898289,0.0399359501898289,0,0,0.87804114818573,7.88238110456557,7.88238110456557,0.00506548304110766,0.000001,6.81495904922485,0.943925794724745,0.028068786578209,0.0675029737428569,0.120478842079028,0.0666186988690574
0,41,2,8000,64,0.3,1,0.75,0.1,0.9,2079,0.8745,0.88,0.0258133560419083,0.5,0.00183245539665222,0.5,0,0.517254233360291,0,0.0156508181244135,0.0156508181244135,0.0514568202197552,0.0514568202197552,0.0165860679530248,0.0165860679530248,0.943611323833466,0.390224865496789,0.390224865496789,0.131863534450531,0.000001,6.83828258514404,0.925144534903557,0.025515274133656,0.063758700222724,0.104201272097761,0.0572299646375096
0,42,2,8000,64,0.3,1,0.75,0.1,0.9,2084,0.887,0.889,0.0282266549766064,1,-0.977395534515381,1,0,0.440530776977539,0,0.00853976141661406,0.00853976141661406,0.0422722324728966,0.0422722324728966,0.00940085770159087,0.00940085770159087,0.908401370048523,0.399311498467323,0.399311498467323,0.10586179792881,0.000001,7.32905530929565,0.945042508071401,0.0336699655913066,0.0771112527404074,0.11767154226787,0.0649341377528814
0,43,2,8000,64,0.3,1,0.75,0.1,0.9,2088,0.8805,0.7615,0.0298124086111784,1,-0.898700833320618,1,0,0.444223642349243,0,0.0820314660668373,0.0820314660668373,0.0890886783599854,0.0890886783599854,0.129916622097437,0.129916622097437,0.631415247917175,4.75188510275123,4.75188510275123,0.0187470708042383,0.000001,6.35753870010376,0.922525814718431,0.0231317906102348,0.0556645877175303,0.132300350156916,0.0734384653948613
0,44,2,8000,64,0.3,1,0.75,0.1,0.9,2167,0.8695,0.874,0.016816072165966,0.5,-0.0290027260780334,0.5,0,0.592835009098053,0,0.000750145583879203,0.000750145583879203,0.0370249636471272,0.0370249636471272,0.000879224178525932,0.000879224178525932,0.8531893491745,0.433631295338651,0.433631295338651,0.0853825137019157,0.000001,6.70046234130859,0.915324094861089,0.0268434101700356,0.0661069314358363,0.0662176227893343,0.035961469662537
0,45,2,8000,64,0.3,1,0.75,0.1,0.9,2153,0.879,0.883,0.0302709713578224,0.5,0.00463393330574036,0.5,0,0.361193358898163,0,0.0671150460839272,0.0671150460839272,0.0318457446992397,0.0318457446992397,0.0789125771720431,0.0789125771720431,0.850497722625732,0.135580003685888,0.135580003685888,0.234884262084961,0.000001,6.71262741088867,0.932240732590338,0.030827261692042,0.0711794407192075,0.130982486052477,0.0727564549106421
0,46,2,8000,64,0.3,1,0.75,0.1,0.9,2029,0.882,0.8805,0.0298103764653206,0.5,-0.0266810655593872,0.5,0,0.668711423873901,0,0.395713210105896,0.395713210105896,0.0522415153682232,0.0522415153682232,4.67744157475292,4.67744157475292,0.0845993533730507,0.58356147399087,0.58356147399087,0.0895208716392517,0.000001,6.55053281784058,0.94504380887479,0.0272388592688128,0.0654761402025511,0.152074385380745,0.0847882246826467
0,47,2,8000,64,0.3,1,0.75,0.1,0.9,2004,0.883,0.884,0.02510916441679,0.5,0.00890126824378967,0.5,0,0.432538986206055,0,0.160975858569145,0.160975858569145,0.034358374774456,0.034358374774456,0.251751045146214,0.251751045146214,0.639423787593842,1.35443488836062,1.35443488836062,0.0253663137555122,0.000001,7.39878082275391,0.940784204707146,0.0401216653790667,0.0978629847258351,0.128150902007589,0.0709777547486227
0,48,2,8000,64,0.3,1,0.75,0.1,0.9,2255,0.862,0.882,0.0220738425850868,0.5,-0.0191315114498138,0.5,0,0.622080147266388,0,0.0749204456806183,0.0749204456806183,0.077666848897934,0.077666848897934,0.0932215170986756,0.0932215170986756,0.803680896759033,0.631936849550193,0.631936849550193,0.122901864349842,0.000001,6.56976079940796,0.921228096674285,0.0220684963050953,0.0509636650643467,0.0687498781997943,0.0373002508309943
0,49,2,8000,64,0.3,1,0.75,0.1,0.9,2064,0.866,0.866,0.0260509233921766,0,0.977407097816467,0,0,0.639627695083618,0,0.179539486765862,0.179539486765862,0.0502725169062614,0.0502725169062614,0.380095379876299,0.380095379876299,0.472352772951126,1.72688359294334,1.72688359294334,0.0291106998920441,0.000001,7.01016139984131,0.924214979470707,0.0411791468243725,0.100642613817919,0.106849936322557,0.0588132105042224
0,50,2,8000,64,0.3,1,0.75,0.1,0.9,2102,0.865,0.787,0.0353873856365681,0.5,-0.00456273555755615,0.5,0,0.637494325637817,0,0.204796373844147,0.204796373844147,0.0584859848022461,0.0584859848022461,0.367579706892794,0.367579706892794,0.557147204875946,0.319156192886694,0.319156192886694,0.183250918984413,0.000001,6.59511232376099,0.940738573772494,0.0361258837246949,0.0880728617724751,0.195062641566815,0.110686931039401
1,1,2,8000,64,0.3,1,0.75,0.1,0.9,2698,0.8995,0.8555,0.0448492914438248,0.5,-0.0066867470741272,0.5,0,0.692799925804138,0,0.404823213815689,0.404823213815689,0.0420483909547329,0.0420483909547329,7.43944993658549,7.43944993658549,0.0544147454202175,0.40980815561428,0.40980815561428,0.102604061365128,0.000001,6.24743270874023,0.934547715564963,0.121161293124235,0.274211332667304,0.191845799407034,0.135627616202481
1,2,2,8000,64,0.3,1,0.75,0.1,0.9,2577,0.888,0.888,0.0269588679075241,0.5,0.0517995059490204,0.5,0,0.493387073278427,0,0.0058281528763473,0.0058281528763473,0.0699904039502144,0.0699904039502144,0.00690505086980916,0.00690505086980916,0.844040989875794,2.44289739866461,2.44289739866461,0.0286495704203844,0.000001,5.8577766418457,0.939646213254786,0.0801961660582858,0.173615500605504,0.0440232181375705,0.0309270753477619
1,3,2,8000,64,0.3,1,0.75,0.1,0.9,2493,0.895,0.6325,0.0298822149634361,0,0.953018009662628,0,0,0.473762452602387,0,0.307603001594543,0.307603001594543,0.0454665310680866,0.0454665310680866,1.15283883844824,1.15283883844824,0.266821205615997,1.54003355937211,1.54003355937211,0.0295220781117678,0.000001,5.02473258972168,0.895554500213836,0.0329512011003906,0.0637836801792763,0.0862278229139505,0.0598664894400338
1,4,2,8000,64,0.3,1,0.75,0.1,0.9,2403,0.8785,0.8525,0.017628138884902,0.5,0.00313758850097656,0.5,0,0.51690024137497,0,0.0932941809296608,0.0932941809296608,0.0246657114475966,0.0246657114475966,0.129087531397011,0.129087531397011,0.722719311714172,0.0932694372157822,0.0932694372157822,0.264455527067184,0.000001,6.18650484085083,0.89170327502307,0.0406584695628809,0.0819431997557953,0.0514827849146749,0.0358021501688662
1,5,2,8000,64,0.3,1,0.75,0.1,0.9,2546,0.898,0.898,0.0349320992827416,0,0.962210297584534,0,0,0.691368103027344,0,0.255734294652939,0.255734294652939,0.0257570184767246,0.0257570184767246,0.787734769721843,0.787734769721843,0.324644178152084,0.156647391614778,0.156647391614778,0.164425730705261,0.000001,6.46287393569946,0.960268018040694,0.129792250686499,0.294983530427365,0.298487781348475,0.210228601475381
1,6,2,8000,64,0.3,1,0.75,0.1,0.9,2653,0.889,0.881,0.030025377869606,0.5,0.00839507579803467,0.5,0,0.609918236732483,0,0.250653922557831,0.250653922557831,0.0699360743165016,0.0699360743165016,1.31185964122483,1.31185964122483,0.191066637635231,45.7599068231212,45.7599068231212,0.0015273264143616,0.000001,5.14134550094605,0.910523076579931,0.0516650082072397,0.0992154859078303,0.0924197991274428,0.0640708360726239
1,7,2,8000,64,0.3,1,0.75,0.1,0.9,2502,0.8925,0.8925,0.0152648827061057,0,0.938067138195038,0,0,0.669581770896912,0,0.261550962924957,0.261550962924957,0.0237569846212864,0.0237569846212864,0.650668621341645,0.650668621341645,0.401971608400345,0.389882953512892,0.389882953512892,0.060932632535696,0.000001,6.06396293640137,0.922272012926265,0.0845945057056657,0.186620271473804,0.150536122525326,0.106382378024779
1,8,2,8000,64,0.3,1,0.75,0.1,0.9,2346,0.893,0.893,0.0164769310504198,0,0.968932569026947,0,0,0.594160795211792,0,0.0520064942538738,0.0520064942538738,0.0791678205132484,0.0791678205132484,0.0671474885388293,0.0671474885388293,0.774510383605957,3.2591139634158,3.2591139634158,0.0242902096360922,0.000001,5.53174495697022,0.875665349673539,0.0416764887844266,0.0820540782598632,0.104773494335196,0.0740247645257837
1,9,2,8000,64,0.3,1,0.75,0.1,0.9,2534,0.896,0.896,0.0208554286509752,0.5,0.0113374888896942,0.5,0,0.676044583320618,0,0.0423968620598316,0.0423968620598316,0.0455145426094532,0.0455145426094532,0.0550008138182464,0.0550008138182464,0.770839631557465,0.526622408784803,0.526622408784803,0.0864262804389,0.000001,6.57086277008057,0.934353013958514,0.0768937861370687,0.152654461025229,0.0656950258689242,0.0455635580721824
1,10,2,8000,64,0.3,1,0.75,0.1,0.9,2399,0.888,0.888,0.0233644843101501,0,0.929666876792908,0,0,0.559903264045715,0,0.12746649980545,0.12746649980545,0.0332828164100647,0.0332828164100647,0.191062132924977,0.191062132924977,0.667145848274231,0.329854278677014,0.329854278677014,0.100900575518608,0.000001,6.14074420928955,0.933667096739626,0.0450218650295224,0.0906755462040807,0.115818468194427,0.0817952723271048
1,11,2,8000,64,0.3,1,0.75,0.1,0.9,2449,0.889,0.889,0.0199284367263317,0,0.935019493103027,0,0,0.566428601741791,0,0.0994285866618156,0.0994285866618156,0.0526069961488247,0.0526069961488247,0.174001856053777,0.174001856053777,0.571421563625336,2.42561178752248,2.42561178752248,0.0216871351003647,0.000001,6.0321536064148,0.905863628756796,0.0185660131475136,0.0355796347259645,0.0289792227258361,0.0202516339582107
1,12,2,8000,64,0.3,1,0.75,0.1,0.9,2484,0.8915,0.8535,0.0449452996253967,0.5,-0.00620916485786438,0.5,0,0.555463671684265,0,0.193486452102661,0.193486452102661,0.0769124180078507,0.0769124180078507,0.336290845065732,0.336290845065732,0.575353503227234,0.816644260763107,0.816644260763107,0.094180054962635,0.000001,6.45319890975952,0.907689553668985,0.0762082935421325,0.164888556057076,0.0901727156942182,0.0624332996204542
1,13,2,8000,64,0.3,1,0.75,0.1,0.9,2507,0.8815,0.439,0.0324896648526192,0,0.968566417694092,0,0.5,0.122065842151642,0.5,0.276376664638519,0.276376664638519,0.0368547476828098,0.0368547476828098,0.651806952857707,0.651806952857707,0.424015134572983,0.455168866452149,0.455168866452149,0.0809683948755264,0.000001,6.07166481018066,0.896903973432832,0.0336354537790711,0.0623037931698083,0.00927243625826782,0.00648834033060331
1,14,2,8000,64,0.3,1,0.75,0.1,0.9,2548,0.8855,0.8855,0.0242785718291998,0,0.949284672737122,0,0,0.677108764648438,0,0.429595112800598,0.429595112800598,0.0281988885253668,0.0281988885253668,4.53475006165229,4.53475006165229,0.0947330221533775,0.136070327635692,0.136070327635692,0.207236602902412,0.000001,5.77671623229981,0.936760400040119,0.11289681915489,0.261703780326759,0.214205721540731,0.151443797410563
1,15,2,8000,64,0.3,1,0.75,0.1,0.9,2771,0.898,0.667,0.0591258481144905,0,0.979844450950623,0,0,0.708509922027588,0,0.297650635242462,0.297650635242462,0.020938953384757,0.020938953384757,0.794580412071228,0.794580412071228,0.374600023031235,0.163598419094313,0.163598419094313,0.127988949418068,0.000001,6.05855798721314,0.91578747981205,0.0720484346066495,0.144833484463197,0.0670319845503095,0.0465770101896106
1,16,2,8000,64,0.3,1,0.75,0.1,0.9,2539,0.897,0.8535,0.0243592150509357,0,0.956500709056854,0,0,0.606213450431824,0,0.225079774856567,0.225079774856567,0.0364136248826981,0.0364136248826981,0.669637391895501,0.669637391895501,0.336120873689652,0.179114942381781,0.179114942381781,0.203296527266502,0.000001,5.75357055664063,0.90753557414654,0.0351834659893287,0.0655537442452664,0.0681113821912146,0.0473405630196884
1,17,2,8000,64,0.3,1,0.75,0.1,0.9,2573,0.902,0.902,0.0411399006843567,0,0.910220503807068,0,0,0.474052309989929,0,0.173055782914162,0.173055782914162,0.0349997095763683,0.0349997095763683,0.332922787100297,0.332922787100297,0.519806563854218,0.78559982061591,0.78559982061591,0.0445505753159523,0.000001,5.51436805725098,0.938442253770357,0.164085048108293,0.385427364835641,0.396463126011635,0.277159418586601
1,18,2,8000,64,0.3,1,0.75,0.1,0.9,2448,0.898,0.8975,0.0260331872850657,0,0.931299805641174,0,0,0.569475948810577,0,0.0225488543510437,0.0225488543510437,0.0250439401715994,0.0250439401715994,0.0297405253359122,0.0297405253359122,0.758185148239136,1.11028605327005,1.11028605327005,0.0225552953779697,0.000001,6.23285055160523,0.928334846795051,0.0336984484314293,0.0609861725485725,0.00683613999860775,0.00480416098569711
1,19,2,8000,64,0.3,1,0.75,0.1,0.9,2389,0.9035,0.9035,0.0242124982178211,0,0.972377240657806,0,0,0.659658670425415,0,0.357458025217056,0.357458025217056,0.04432712495327,0.04432712495327,1.85341082609769,1.85341082609769,0.192863970994949,0.417915903629678,0.417915903629678,0.106066092848778,0.000001,6.26411485671997,0.92346563337037,0.0349289944178168,0.0648674830074702,0.0682677830922869,0.0480698732755847
1,20,2,8000,64,0.3,1,0.75,0.1,0.9,2450,0.8905,0.8905,0.0190879665315151,0,0.981928110122681,0,0,0.501081168651581,0,0.347472935914993,0.347472935914993,0.0251570828258991,0.0251570828258991,1.30213783997661,1.30213783997661,0.266847044229507,2.82364875317513,2.82364875317513,0.00890842359513044,0.000001,6.08075666427612,0.921962573105702,0.0525709833604094,0.105356728244456,0.0968169389688075,0.0682436390809761
1,21,2,8000,64,0.3,1,0.75,0.1,0.9,2416,0.9015,0.9015,0.0213798638433218,0,0.964849174022675,0,0,0.511837661266327,0,0.129928335547447,0.129928335547447,0.0657646954059601,0.0657646954059601,0.205695611712708,0.205695611712708,0.631652414798737,0.821550878241536,0.821550878241536,0.0800484493374825,0.000001,5.5060076713562,0.85752250572934,0.0445052394622809,0.0901309455448814,0.0839149136057672,0.0590850782294689
1,22,2,8000,64,0.3,1,0.75,0.1,0.9,2675,0.888,0.877,0.0407985858619213,0.5,0.00658783316612244,0.5,0,0.436277687549591,0,0.0494997352361679,0.0494997352361679,0.0633066669106484,0.0633066669106484,0.059718733857923,0.059718733857923,0.828880190849304,1.29310472655961,1.29310472655961,0.0489561073482037,0.000001,5.85445642471314,0.919858270163422,0.107507642719765,0.234031942192093,0.05012063706481,0.0349091648712022
1,23,2,8000,64,0.3,1,0.75,0.1,0.9,2440,0.9015,0.9015,0.0204208269715309,0.5,0.0118343532085419,0.5,0,0.458176702260971,0,0.312529057264328,0.312529057264328,0.0671503096818924,0.0671503096818924,1.02836609209037,1.02836609209037,0.303907364606857,3.04759953300877,3.04759953300877,0.0220328364521265,0.000001,6.19731712341309,0.918272459801515,0.031152247577263,0.0574219581188397,0.00548860740787761,0.00384161621356112
1,24,2,8000,64,0.3,1,0.75,0.1,0.9,2547,0.9015,0.9015,0.0176711156964302,0,0.973629117012024,0,0,0.605097234249115,0,0.192655846476555,0.192655846476555,0.120584063231945,0.120584063231945,0.361810233960643,0.361810233960643,0.532476603984833,1.40872179160985,1.40872179160985,0.0855972096323967,0.000001,6.05002975463867,0.883975372376292,0.0524961295105729,0.102751675839288,0.12638007474547,0.0872485965796257
1,25,2,8000,64,0.3,1,0.75,0.1,0.9,2619,0.8885,0.867,0.0431014969944954,0.5,0.00329896807670593,0.5,0,0.681273460388184,0,0.392720013856888,0.392720013856888,0.027559332549572,0.027559332549572,2.82590094497605,2.82590094497605,0.138970613479614,0.325507119286961,0.325507119286961,0.0846648365259171,0.000001,5.78090286254883,0.888535790196503,0.101348057204646,0.21479968563498,0.0181176998817277,0.0126743700541964
1,26,2,8000,64,0.3,1,0.75,0.1,0.9,2530,0.894,0.894,0.0220907554030418,0,0.949544191360474,0,0,0.491241335868835,0,0.0467945672571659,0.0467945672571659,0.0399085059762001,0.0399085059762001,0.0668463162521884,0.0668463162521884,0.700031101703644,0.41104834262044,0.41104834262044,0.0970885679125786,0.000001,6.3565788269043,0.930853043890837,0.064022418657715,0.130896518642651,0.0131964088439572,0.00925263112931067
1,27,2,8000,64,0.3,1,0.75,0.1,0.9,2591,0.8885,0.8885,0.0185852199792862,0.5,0.0365231335163116,0.5,0.5,0.150661200284958,0.5,0.295262962579727,0.295262962579727,0.0394542999565601,0.0394542999565601,1.31351651968266,1.31351651968266,0.224787160754204,0.594544033930948,0.594544033930948,0.0663596019148827,0.000001,5.79423761367798,0.912136316198984,0.0899601116906088,0.199888208217489,0.1714228764768,0.121185261730555
1,28,2,8000,64,0.3,1,0.75,0.1,0.9,2441,0.895,0.765,0.0637218058109283,0,0.975330114364624,0,0,0.598193049430847,0,0.0256697461009026,0.0256697461009026,0.0426522865891457,0.0426522865891457,0.028071364058633,0.028071364058633,0.914444983005524,0.289946894928673,0.289946894928673,0.147102788090706,0.000001,6.48330211639404,0.945150757317784,0.0879957047312757,0.18305079874719,0.00548752828102467,0.00385048076721231
1,29,2,8000,64,0.3,1,0.75,0.1,0.9,2606,0.886,0.886,0.0371113680303097,0,0.955039918422699,0,0,0.663486838340759,0,0.099478967487812,0.099478967487812,0.0311351493000984,0.0311351493000984,0.15995487097463,0.15995487097463,0.621917963027954,0.160669819285969,0.160669819285969,0.193782433867455,0.000001,5.66157054901123,0.87308739636316,0.154838543026152,0.387052413217145,0.331595376429153,0.233390892402978
1,30,2,8000,64,0.3,1,0.75,0.1,0.9,2495,0.8795,0.776,0.0463955253362656,0,0.952439069747925,0,0.5,0.128040850162506,0.5,0.179886996746063,0.179886996746063,0.0239619817584753,0.0239619817584753,0.300728839916021,0.300728839916021,0.598169088363648,0.173767318238593,0.173767318238593,0.137895941734314,0.000001,5.97650527954102,0.907697596646832,0.0927399825194037,0.209039404621894,0.0736147227639239,0.0517337836455668
1,31,2,8000,64,0.3,1,0.75,0.1,0.9,2467,0.9025,0.902,0.0403206273913384,0.5,0.0396864414215088,0.5,0,0.633601069450378,0,0.116013079881668,0.116013079881668,0.0605150014162064,0.0605150014162064,0.169790984449484,0.169790984449484,0.683268964290619,0.748505496443473,0.748505496443473,0.0808467715978622,0.000001,6.20245838165283,0.939001934095087,0.126201133260037,0.293100767637826,0.203858018372385,0.144106013649341
1,32,2,8000,64,0.3,1,0.75,0.1,0.9,2384,0.8935,0.8935,0.0162324067205191,0.5,0.0328526198863983,0.5,0,0.634000539779663,0,0.0713398009538651,0.0713398009538651,0.0284936912357807,0.0284936912357807,0.0930587837229685,0.0930587837229685,0.766609072685242,0.312769552963125,0.312769552963125,0.0911002308130264,0.000001,6.38381958007813,0.916254889990479,0.0266606560134526,0.0504704426399055,0.0106193896723529,0.00742987523828059
1,33,2,8000,64,0.3,1,0.75,0.1,0.9,2590,0.8805,0.748,0.028660936281085,0,0.980976104736328,0,0,0.644216239452362,0,0.0933108329772949,0.0933108329772949,0.0431994795799255,0.0431994795799255,0.122933672689319,0.122933672689319,0.759032964706421,0.439776920781805,0.439776920781805,0.0982294380664825,0.000001,6.31873798370361,0.90051330129497,0.0465511030826151,0.0916577227952564,0.0216449790140512,0.0150905932330452
1,34,2,8000,64,0.3,1,0.75,0.1,0.9,2427,0.904,0.178,0.0383345074951649,0,0.961897373199463,0,0.5,-0.0158549845218658,0.5,0.246798202395439,0.246798202395439,0.0591199360787869,0.0591199360787869,0.544945243253633,0.544945243253633,0.452885240316391,3.54104223822972,3.54104223822972,0.0166946314275265,0.000001,6.31228113174439,0.937078581215382,0.0294823630594213,0.0544854722457794,0.0159037020484698,0.0111185980214987
1,35,2,8000,64,0.3,1,0.75,0.1,0.9,2477,0.892,0.4395,0.0311338249593973,0,0.950565576553345,0,0,0.584042906761169,0,0.119526423513889,0.119526423513889,0.0236908476799727,0.0236908476799727,0.184279516242494,0.184279516242494,0.648613810539246,0.16670955590084,0.16670955590084,0.142107516527176,0.000001,6.38610601425171,0.910688921999853,0.0178288809120262,0.0341245557437865,0.0225889458405799,0.015886095284739
1,36,2,8000,64,0.3,1,0.75,0.1,0.9,2567,0.901,0.901,0.0219073407351971,0.5,0.0139249265193939,0.5,0,0.546914637088776,0,0.179110288619995,0.179110288619995,0.0766067206859589,0.0766067206859589,0.374996882822657,0.374996882822657,0.477630406618118,1.04707613160946,1.04707613160946,0.0731615126132965,0.000001,5.7780933380127,0.897958929602262,0.0842924723695107,0.179102540671685,0.127232377691718,0.0899164031897549
1,37,2,8000,64,0.3,1,0.75,0.1,0.9,2493,0.9005,0.9005,0.0290433783084154,1,-0.924563050270081,1,0,0.507721364498138,0,0.146509900689125,0.146509900689125,0.0394737683236599,0.0394737683236599,0.293463435793908,0.293463435793908,0.499243140220642,0.447775359971322,0.447775359971322,0.0881542935967445,0.000001,6.20676279067993,0.978850654891901,0.0239370514774575,0.0458035506937398,0.0352625143669072,0.0247848672798509
1,38,2,8000,64,0.3,1,0.75,0.1,0.9,2401,0.9015,0.7435,0.0263416189700365,0,0.926599860191345,0,0,0.72871595621109,0,0.0623208098113537,0.0623208098113537,0.0289832130074501,0.0289832130074501,0.0872031075537091,0.0872031075537091,0.714661717414856,1.04640928103926,1.04640928103926,0.0276967789977789,0.000001,6.33876800537109,0.931108651195962,0.0467375322922416,0.0917509214264712,0.118623438759033,0.0836628876894803
1,39,2,8000,64,0.3,1,0.75,0.1,0.9,2518,0.896,0.8955,0.0354548022150993,0,0.960353314876556,0,0,0.785876393318176,0,0.158264428377152,0.158264428377152,0.0270408298820257,0.0270408298820257,0.554773373041113,0.554773373041113,0.285276621580124,0.214985941889015,0.214985941889015,0.125778526067734,0.000001,5.77834129333496,0.94121790103995,0.141877237365355,0.324098430085273,0.343251847304056,0.241116219293252
1,40,2,8000,64,0.3,1,0.75,0.1,0.9,2381,0.8905,0.7985,0.0248500294983387,1,-0.857887744903565,1,0,0.396957755088806,0,0.146073654294014,0.146073654294014,0.0606362521648407,0.0606362521648407,0.271269757298732,0.271269757298732,0.538480162620544,20.833185996833,20.833185996833,0.00290956068783999,0.000001,5.48421478271484,0.914053303944614,0.0525919147406339,0.101948708145079,0.098135983421997,0.0691449820828051
1,41,2,8000,64,0.3,1,0.75,0.1,0.9,2566,0.8865,0.8865,0.0243242345750332,0.5,0.00151953101158142,0.5,0,0.565404534339905,0,0.0353505723178387,0.0353505723178387,0.0809846445918083,0.0809846445918083,0.0401854853458434,0.0401854853458434,0.879684090614319,0.618160787999243,0.618160787999243,0.13100802898407,0.000001,6.10740280151367,0.913663074189951,0.0818066623098653,0.174293907254954,0.098770615927448,0.0697307110476271
1,42,2,8000,64,0.3,1,0.75,0.1,0.9,2355,0.898,0.898,0.0242167171090841,0,0.966451287269592,0,0,0.455624222755432,0,0.0379479117691517,0.0379479117691517,0.0344479531049728,0.0344479531049728,0.0445030096041172,0.0445030096041172,0.852703392505646,0.311549344844882,0.311549344844882,0.110568813979626,0.000001,6.3099365234375,0.947476876384694,0.0460943294104057,0.0836672315025992,0.00881374839557028,0.00615295675886418
1,43,2,8000,64,0.3,1,0.75,0.1,0.9,2331,0.878,0.5235,0.0341894701123238,1,-0.872991323471069,1,0,0.482487499713898,0,0.247854679822922,0.247854679822922,0.0547200404107571,0.0547200404107571,1.63054987749165,1.63054987749165,0.152005806565285,7.3558578652367,7.3558578652367,0.00743797468021512,0.000001,4.93260717391968,0.897152992441826,0.0507151773938633,0.104007949601128,0.0289780463467392,0.0203687483407268
1,44,2,8000,64,0.3,1,0.75,0.1,0.9,2478,0.8985,0.8985,0.0322479791939259,0.5,-0.024810791015625,0.5,0,0.628333926200867,0,0.0209378786385059,0.0209378786385059,0.0252691358327866,0.0252691358327866,0.0229829667817521,0.0229829667817521,0.911016225814819,0.243756319064919,0.243756319064919,0.103664562106133,0.000001,6.21163892745972,0.91074137456817,0.185849669623436,0.500215154718609,0.384585443598539,0.269972676544647
1,45,2,8000,64,0.3,1,0.75,0.1,0.9,2713,0.8945,0.8945,0.0286906901746988,0,0.986053228378296,0,0,0.485164076089859,0,0.133640259504318,0.133640259504318,0.0170542784035206,0.0170542784035206,0.188573053411128,0.188573053411128,0.708691239356995,0.0705505150106793,0.0705505150106793,0.241730451583862,0.000001,6.25610876083374,0.934991026373997,0.040070945152774,0.0720445043742972,0.0282373511160953,0.0198367283515224
1,46,2,8000,64,0.3,1,0.75,0.1,0.9,2599,0.9125,0.906,0.025729276239872,1,-0.929473161697388,1,0,0.660072326660156,0,0.375645160675049,0.375645160675049,0.0318046696484089,0.0318046696484089,3.6132484584424,3.6132484584424,0.103962279856205,0.567014669396443,0.567014669396443,0.0560904406011105,0.000001,5.93044281005859,0.937503957449355,0.0258627868577073,0.0476573206848746,0.0389767915707874,0.0272108865959062
1,47,2,8000,64,0.3,1,0.75,0.1,0.9,2525,0.9105,0.9105,0.0328242406249046,0,0.961253702640533,0,0,0.605975687503815,0,0.371960878372192,0.371960878372192,0.0398561879992485,0.0398561879992485,1.98426347325834,1.98426347325834,0.187454387545586,0.740423902840212,0.740423902840212,0.053827878087759,0.000001,6.14876317977905,0.945268595631863,0.113248789246829,0.245948420766427,0.11730363430077,0.082791246614644
1,48,2,8000,64,0.3,1,0.75,0.1,0.9,2530,0.8935,0.8935,0.0272090807557106,0,0.974390387535095,0,0,0.631006002426148,0,0.121811337769032,0.121811337769032,0.0524871982634068,0.0524871982634068,0.177536671726591,0.177536671726591,0.686118304729462,0.358210318465155,0.358210318465155,0.146525204181671,0.000001,6.66233491897583,0.935321193286194,0.123795400923767,0.281270512352736,0.263618805801707,0.186071568619071
1,49,2,8000,64,0.3,1,0.75,0.1,0.9,2404,0.8765,0.876,0.0327186845242977,0.5,0.00244256854057312,0.5,0,0.636551976203919,0,0.138093233108521,0.138093233108521,0.0375652313232422,0.0375652313232422,0.221283304964627,0.221283304964627,0.62405526638031,4.37643362640837,4.37643362640837,0.00858252588659525,0.000001,6.16777944564819,0.923006612940194,0.13415396527755,0.300085632627675,0.187658541193955,0.132693215916048
1,50,2,8000,64,0.3,1,0.75,0.1,0.9,2539,0.8875,0.679,0.0353088714182377,0.5,0.0356317460536957,0.5,0,0.561642944812775,0,0.00293780141510069,0.00293780141510069,0.0485675372183323,0.0485675372183323,0.00328334910038401,0.00328334910038401,0.894756555557251,0.284270994904032,0.284270994904032,0.170848429203033,0.000001,6.04233169555664,0.938846694162347,0.052037837451482,0.1007717295574,0.043490374452286,0.0305372907950697
